{
  "format_version": "1.18.0",
  "minecraft:entity": {
    "description": {
      "identifier": "test:beam",
      "is_spawnable": true,
      "is_summonable": true,
      "is_experimental": false
    },
    "components": {
      "minecraft:type_family": {
        "family": []
      },
      "minecraft:collision_box": {
        "width": 0.10,
        "height": 1.80
      },
      "minecraft:health": {
        "max": 1,
        "min": 1,
        "value": 1
      },
      "minecraft:pushable": {
        "is_pushable": false,
        "is_pushable_by_piston": false
      },
      "minecraft:physics": {
        "has_gravity": false,
        "has_collision": false
      }
    }
  }
}