[{"id":"957fa0ca-3b7e-4d00-ec51-6f5b87f4dd51","contentKey":"s5s5ejuDru4uchuF2drUFuthaspAbepE"},{"id":"2a0238b2-f251-4d3d-adbe-4e0554e04dbd","contentKey":"sG6izYF1Yjxtc7yINOaVRBZ4wyz0zbaK"},{"id":"f249064b-ef8d-44d3-b52b-308e392564d2","contentKey":"bU28fnXwt8Z48trdKWmWd6T71mRJ58KN"},{"id":"7cec98d8-55cc-44fe-b0ae-2672b0b2bd37","contentKey":"s5s5ejuDru4uchuF2drUFuthaspAbepE"},{"id":"797e2fa2-9277-4647-aae2-e5ed1388022d","contentKey":"s5s5ejuDru4uchuF2drUFuthaspAbepE"},{"id":"f36dfcd0-8e75-4ac8-8d69-77b442250e90","contentKey":"wH7246pS7IiiGEdnKu6xkuKv9dStxWzi"},{"id":"6d9f24c0-6246-4c92-8169-4648d1981cbb","contentKey":"s5s5ejuDru4uchuF2drUFuthaspAbepE"},{"id":"38e49c0d-91e6-4fd1-a73a-157ae4d6089b","contentKey":"s5s5ejuDru4uchuF2drUFuthaspAbepE"},{"id":"f1598e4f-00bb-40a6-b349-d467ca4c3607","contentKey":"fF1JVHj7o4lb8fIOXdwdup7IUMmn3Y7d"},{"id":"56dc37ad-6dea-4e8e-9e1a-8ed48e4bf475","contentKey":"gf1Gc7WjTKLfr7mzsu3dr1CUviN5T4wY"},{"id":"f250d344-6b30-466c-9cc9-4a12bc822bdf","contentKey":"s5s5ejuDru4uchuF2drUFuthaspAbepE"},{"id":"662ea79d-a49e-49c4-b31c-66eb2ba1a9c6","contentKey":"s5s5ejuDru4uchuF2drUFuthaspAbepE"},{"id":"5b0127b1-2c82-4eb0-add6-689d7be75f57","contentKey":"hG5VY7i0WRXImYtK57imQAhJ0OugQp9b"},{"id":"91a949d4-2c92-4d39-9639-8cc54e279c31","contentKey":"lK03i6oU7JcaTw8FkbGKRHYUpX1eVNrq"},{"id":"6fca8ea1-cad2-4578-bd2f-b9d69fd8c167","contentKey":"s5s5ejuDru4uchuF2drUFuthaspAbepE"},{"id":"a0d301bf-88cb-f05a-1ad6-15abfd9ee1fc","contentKey":"s5s5ejuDru4uchuF2drUFuthaspAbepE"},{"id":"be1576d2-9c3a-48a2-9b79-28f510abeb6c","contentKey":"63256E8A204545E9971C7E4E49D05336"},{"id":"727df6bb-5392-4b92-b262-54545731116a","contentKey":"s5s5ejuDru4uchuF2drUFuthaspAbepE"},{"id":"2933373c-25a7-f645-d436-1b833932c7a7","contentKey":"s5s5ejuDru4uchuF2drUFuthaspAbepE"},{"id":"86c6d0f5-f0dc-48a5-bcb9-bd4702ffc7b8","contentKey":"s5s5ejuDru4uchuF2drUFuthaspAbepE"},{"id":"1a60ce3b-bdcc-44ad-a306-2848656227a5","contentKey":"gR0g61wLVRv4blwj9j8wPGi5q7CXnQt9"},{"id":"dae126f1-142a-d212-0a1f-6fcf7f58c88d","contentKey":"s5s5ejuDru4uchuF2drUFuthaspAbepE"},{"id":"d72d1267-18d1-4fd3-a9a0-2d1dbea1cd70","contentKey":"s5s5ejuDru4uchuF2drUFuthaspAbepE"},{"id":"eb23da08-19a4-36a3-97c6-94a6086e5b86","contentKey":"yK0dWzvnpeJ0gyUm1AqXKZTZuRIYgj9w"},{"id":"c7790a81-603a-55bb-5c01-7cf2df427470","contentKey":"s5s5ejuDru4uchuF2drUFuthaspAbepE"},{"id":"c19af148-1bb3-4e67-9e00-dfb3e627c09f","contentKey":"s5s5ejuDru4uchuF2drUFuthaspAbepE"},{"id":"e4351951-53cb-f6e8-c746-85866b5bc345","contentKey":"s5s5ejuDru4uchuF2drUFuthaspAbepE"},{"id":"c5673bc5-bc1e-4716-757f-14552b9cfa4e","contentKey":"s5s5ejuDru4uchuF2drUFuthaspAbepE"},{"id":"86b34976-8f41-475b-a386-385080dc6e83","contentKey":"s5s5ejuDru4uchuF2drUFuthaspAbepE"},{"id":"5795f1f1-251d-d7a9-e287-58eab45f5419","contentKey":"s5s5ejuDru4uchuF2drUFuthaspAbepE"},{"id":"9caf933f-ad58-43a6-8de0-0ce8faa4941c","contentKey":"s5s5ejuDru4uchuF2drUFuthaspAbepE"},{"id":"ad7fea54-d4e4-4afc-b269-296921ca26cf","contentKey":"s5s5ejuDru4uchuF2drUFuthaspAbepE"},{"id":"3c024a0b-bbcb-4670-a731-f60607272b6f","contentKey":"s5s5ejuDru4uchuF2drUFuthaspAbepE"},{"id":"98836042-d822-07f5-3085-a10b5d3313f9","contentKey":"s5s5ejuDru4uchuF2drUFuthaspAbepE"},{"id":"2d6fada4-4a15-49f1-880d-908d796b10a6","contentKey":"s5s5ejuDru4uchuF2drUFuthaspAbepE"},{"id":"07b62df9-8e7c-4df5-a493-5c5026ed760d","contentKey":"xX5SjEwPAwc26jyy4By0LwWohY6wzLEb"},{"id":"990e019f-7373-44ac-a4a5-87d89d94b270","contentKey":"s5s5ejuDru4uchuF2drUFuthaspAbepE"},{"id":"7dcbec02-5072-4d78-9137-c3d9907d0ad0","contentKey":"SmMgiQP3WEL62dFfry5WgCQowBKzS2Kq"},{"id":"38d80051-c961-4cb9-aad9-06768bfc09c6","contentKey":"s5s5ejuDru4uchuF2drUFuthaspAbepE"},{"id":"d7519b5a-45ec-4d27-997c-89d402c6b57f","contentKey":"s5s5ejuDru4uchuF2drUFuthaspAbepE"},{"id":"e0f86a38-67d8-6c27-66b1-7a9ab1aab354","contentKey":"s5s5ejuDru4uchuF2drUFuthaspAbepE"},{"id":"3af01d0d-e7e2-4c46-ae8b-5997e87ec58e","contentKey":"pL3bspqkbMBpsBGoEAlfG36RfrrcrFr2"},{"id":"b2a06411-3095-7082-b43c-966ea1686277","contentKey":"s5s5ejuDru4uchuF2drUFuthaspAbepE"},{"id":"5bd809ba-2faa-b4f9-6921-d290d6bdfd2a","contentKey":"s5s5ejuDru4uchuF2drUFuthaspAbepE"},{"id":"18e61e9d-54a6-3d87-bb35-d0134cf486c1","contentKey":"s5s5ejuDru4uchuF2drUFuthaspAbepE"},{"id":"f1a74b9c-f747-4c8e-a0ca-c47816ad2177","contentKey":"jI7yc2uVjSXxT7NbUruzcuskx93YdaNq"},{"id":"e6d956af-de69-4d69-a51f-6aaabf7b9d75","contentKey":"s5s5ejuDru4uchuF2drUFuthaspAbepE"},{"id":"d8325562-e975-4579-850a-e1d072d163fe","contentKey":"qZ1UaLmROJHQiXv5P4mdUiInTJaHLJai"},{"id":"964237b8-f241-c2a9-987b-48e2ff0eba74","contentKey":"s5s5ejuDru4uchuF2drUFuthaspAbepE"},{"id":"9cbece23-1fa9-42d6-2c93-9a3eaef3d7cb","contentKey":"s5s5ejuDru4uchuF2drUFuthaspAbepE"},{"id":"df730bc8-f6fc-489c-b8cf-24f3d222901a","contentKey":"s5s5ejuDru4uchuF2drUFuthaspAbepE"},{"id":"e76f2b4a-a9c4-1b55-6444-bf5d49a0bb09","contentKey":"s5s5ejuDru4uchuF2drUFuthaspAbepE"},{"id":"9a28ebc8-b800-45d0-ab24-8c24f936fe00","contentKey":"s5s5ejuDru4uchuF2drUFuthaspAbepE"},{"id":"6f5af2cd-6d4b-474d-84ca-b7efe7a4cbef","contentKey":"iJ5upMtN23fYPCzNH7Y83ihKGu6ni8AC"},{"id":"3504e007-56c9-40aa-ac01-a43af5bb8b3b","contentKey":"s5s5ejuDru4uchuF2drUFuthaspAbepE"},{"id":"ba59630e-8682-6cf4-7e56-9cb35e053f5c","contentKey":"oP0GL78LkBnfyHKKRVpzhtsB12EVh68p"},{"id":"1b576657-e67b-4c54-b440-a6e0e236bab8","contentKey":"s5s5ejuDru4uchuF2drUFuthaspAbepE"},{"id":"ae9853fa-c41a-40ac-b95e-66dd5e6f0837","contentKey":"hP6IWm8eYcysUbIiYWdP0a23NCbbWSaT"},{"id":"880f5304-f8ca-4787-817b-6a2e6fb44688","contentKey":"s5s5ejuDru4uchuF2drUFuthaspAbepE"},{"id":"76ccf066-4c8d-4dbc-b713-c0aaf6a85199","contentKey":"hB1K3Cd7xoOINILVlVldI1GJEC3a9VNS"},{"id":"8f242985-689c-4c6c-a82d-85d19959c4ff","contentKey":"s5s5ejuDru4uchuF2drUFuthaspAbepE"},{"id":"efc2f0f5-af00-4d9e-a4b1-78f18d63be79","contentKey":"s5s5ejuDru4uchuF2drUFuthaspAbepE"},{"id":"95715451-262e-4577-b836-1ed94289e5a2","contentKey":"rZ8Csce2FOAULEsl04jNu631y9qJMS6g"},{"id":"3ac2beca-43d8-4dd9-9d5a-93cd022b25e1","contentKey":"fV7GWEjrh0mk2z9axfeFEn7uQ0QwGUaY"},{"id":"4ab16a69-a631-ba66-b662-aac42d7ba5e4","contentKey":"s5s5ejuDru4uchuF2drUFuthaspAbepE"},{"id":"7ad2e5bc-4769-4898-a21d-d091ffe2a495","contentKey":"eK5dEqLdB958upSRG3306g8fRGhf1XLq"},{"id":"50eccaaa-1828-453d-a044-3f5d64f69e40","contentKey":"RWY19fW35mqTBaqVYmsRVnGVGNZWgSuK"},{"id":"2b3bdba0-d3fc-44e1-bd23-9ae2d899e453","contentKey":"s5s5ejuDru4uchuF2drUFuthaspAbepE"},{"id":"486f4d26-c2bd-45ba-80f1-6d7e7af02aff","contentKey":"s5s5ejuDru4uchuF2drUFuthaspAbepE"},{"id":"100a470a-f06a-427a-b62d-168f3ceecf92","contentKey":"lG9zCwIMNy5n1RcVm6hymXe2JefSBbpN"},{"id":"0b17dd33-69e9-4225-9fb5-b7383b149863","contentKey":"yK87awW8B5phinvS2F0dj248louaeICQ"},{"id":"aebce8ef-e8c3-40b9-ac5c-f7f3b25cffb4","contentKey":"s5s5ejuDru4uchuF2drUFuthaspAbepE"},{"id":"bacc63a0-b101-4e0d-8661-a3072de25ac0","contentKey":"tH6tXNA0gPta3nMsB9ZCMCdYjvg4f8CS"},{"id":"f245e851-9ac2-4750-a5a4-342f7a11c45d","contentKey":"oL839V8T5MmOZ54MELOLzIiQXPBsChAk"},{"id":"a5269c74-64ad-4dc5-86b5-fd3de7783ecf","contentKey":"s5s5ejuDru4uchuF2drUFuthaspAbepE"},{"id":"fcbd5af0-f7d8-2585-b208-81e9f6bb502e","contentKey":"s5s5ejuDru4uchuF2drUFuthaspAbepE"},{"id":"386eac21-45f3-43bb-ba0c-2cc4c215292a","contentKey":"hB8XHUiRa03MHXGKwddppHeERtO4bYXj"},{"id":"28e506f1-d107-4e01-8385-ddd99f7e349c","contentKey":"nL7f7CQQBkqhp95UcRktvYBrbll9Zqis"},{"id":"68077113-bb7e-4b1f-9a7e-b2b1c2ccc1bd","contentKey":"s5s5ejuDru4uchuF2drUFuthaspAbepE"},{"id":"6b21a8f9-2112-4f06-896c-1048a2ae7839","contentKey":"eG8Hq5Fw7jxVW5bovIE8urYAaETXYWQQ"},{"id":"4c978441-bd7d-45e1-82b6-b94eb1e0a391","contentKey":"s5s5ejuDru4uchuF2drUFuthaspAbepE"},{"id":"f811e431-a25e-49fc-a46e-b287990f421a","contentKey":"s5s5ejuDru4uchuF2drUFuthaspAbepE"},{"id":"2f15196b-0dd4-4324-bdcf-62aacd03dec3","contentKey":"j8e3ckKQTBdMupgxR4XvPegtNuUkpLYU"},{"id":"b99ab28a-ebd6-06b6-d79b-d023b867d1c2","contentKey":"s5s5ejuDru4uchuF2drUFuthaspAbepE"},{"id":"5924b137-9943-205c-e736-8a414342438f","contentKey":"s5s5ejuDru4uchuF2drUFuthaspAbepE"},{"id":"42fde774-37d4-4422-b374-89ff13a6535a","contentKey":"s5s5ejuDru4uchuF2drUFuthaspAbepE"},{"id":"5e024728-6b52-3043-e45f-f7daf94dad8c","contentKey":"s5s5ejuDru4uchuF2drUFuthaspAbepE"},{"id":"8119fe04-34fe-413e-9b6a-f62bd85caee9","contentKey":"s5s5ejuDru4uchuF2drUFuthaspAbepE"}]