[{"id":"e96ed9fa-7f3a-4e00-9bc0-6a394cf08b8e","contentKey":"s5s5ejuDru4uchuF2drUFuthaspAbepE"},{"id":"43444286-efd9-40dd-8600-1361017bd538","contentKey":"gE2YYF2nZLNSutvFGa0Twh3onbEjUVj0"},{"id":"6b636636-858b-4d68-a841-094cf57e85f9","contentKey":"dQ8nt6aY98z9esF1MAgBqxJomLQJ0OI4"},{"id":"2989ec14-58ab-4abd-b994-28cde914ee30","contentKey":"s5s5ejuDru4uchuF2drUFuthaspAbepE"},{"id":"d6e72868-be8c-4bc7-8560-4e99e01d5ec4","contentKey":"jE2wFS4EE2vrj5KrHVCh9EEhtCyxFKdY"},{"id":"03e1c0c1-99ec-47d9-9d11-c1b5b7d79744","contentKey":"s5s5ejuDru4uchuF2drUFuthaspAbepE"},{"id":"84e3b5ef-c3ec-436c-a1dc-c55892503419","contentKey":"s5s5ejuDru4uchuF2drUFuthaspAbepE"},{"id":"3cda2fe3-f45b-46a4-80f1-c23c0161e750","contentKey":"cP4Qd2AgCOKdaR5bkdu1hTap3Ye1LHYX"},{"id":"b3414d37-df1b-43cb-96f1-e89eb3602eb9","contentKey":"wR8FLqxvRlE7QPLjhcuNvnQLlYPkaYZF"},{"id":"013fbc2b-1667-48a9-886f-d0c2080a97b4","contentKey":"s5s5ejuDru4uchuF2drUFuthaspAbepE"},{"id":"935313a3-7088-4a15-a445-1d92c3e485d7","contentKey":"tJ6kp9LTq9rTdBlJ6pPkXJohhIoAPcHp"},{"id":"3dc8bf8a-eca7-4564-8125-dfcbfd384c6a","contentKey":"s5s5ejuDru4uchuF2drUFuthaspAbepE"},{"id":"71ab216b-9a12-4974-a836-d0117f9546f1","contentKey":"s5s5ejuDru4uchuF2drUFuthaspAbepE"},{"id":"4fdab299-61c7-48c1-aa01-6bc1f514b125","contentKey":"s5s5ejuDru4uchuF2drUFuthaspAbepE"},{"id":"c2dfb5ed-2422-4a27-b051-b1a0cb4b77a9","contentKey":"jm4g68nUUms29SPUMBYcqYSHx4euVU3J"},{"id":"b314be07-8ec2-4b7d-945f-b4b09c2ece73","contentKey":"s5s5ejuDru4uchuF2drUFuthaspAbepE"},{"id":"e0758fe7-5121-07ae-b240-27bba5cc3df8","contentKey":"tU8ElyA28UKhl4lvdtcdrZhdm3Y8bzU7"},{"id":"84336fb5-aa5a-4a7d-9d7f-74fe6dd24b46","contentKey":"9oAo58FCeGBVNBbUGdt73ZG8jEdpkyLB"},{"id":"4f3c134c-bf7f-49d3-abc3-28ffd6963768","contentKey":"6MihJGG5kmatHxsiJJ1UNZeQci5uTW1Q"},{"id":"f51735cf-027c-47c4-a105-54c3881e7f4e","contentKey":"s5s5ejuDru4uchuF2drUFuthaspAbepE"},{"id":"1c9ff752-14b5-421f-86fa-d5faec42a864","contentKey":"s5s5ejuDru4uchuF2drUFuthaspAbepE"},{"id":"9acea43e-14c9-4ecd-b7ea-af6753ae2ca5","contentKey":"s5s5ejuDru4uchuF2drUFuthaspAbepE"},{"id":"9a28ebc8-b800-45d0-ab24-8c24f936fe00","contentKey":"s5s5ejuDru4uchuF2drUFuthaspAbepE"},{"id":"43aee399-1d2f-4ede-b450-7c9daed44071","contentKey":"s5s5ejuDru4uchuF2drUFuthaspAbepE"},{"id":"a57f1e15-640c-43e3-9b34-56b151a1c94f","contentKey":"s5s5ejuDru4uchuF2drUFuthaspAbepE"},{"id":"3e9d6428-9e7e-18e0-e1bf-9187d7835436","contentKey":"s5s5ejuDru4uchuF2drUFuthaspAbepE"},{"id":"d875769e-1716-11eb-adc1-0242ac120002","contentKey":"iW2wRO8dWLgys6EcTqPoPQ5S3Y9lEvcr"},{"id":"b4440232-a64f-4788-9035-fbc7c17d59ac","contentKey":"s5s5ejuDru4uchuF2drUFuthaspAbepE"},{"id":"dc7a6e0a-7937-494a-9383-a41b1e703a74","contentKey":"s5s5ejuDru4uchuF2drUFuthaspAbepE"},{"id":"0f2e08ee-8ef2-4521-b03d-9f89c907c70e","contentKey":"s5s5ejuDru4uchuF2drUFuthaspAbepE"},{"id":"ee2c78f3-1b48-488b-9eba-7db51bdce2af","contentKey":"s5s5ejuDru4uchuF2drUFuthaspAbepE"},{"id":"dd7cc9a1-37aa-41bf-b5c5-fd0f9cc24bbd","contentKey":"s5s5ejuDru4uchuF2drUFuthaspAbepE"},{"id":"0bad20af-3aa5-463a-9719-9fa2f81814e6","contentKey":"cI6hWRRlogKaqm3Hyhspjkt7qeAAwnBI"},{"id":"c35ad990-3dc5-4179-bfe9-6f323d94f0b2","contentKey":"s5s5ejuDru4uchuF2drUFuthaspAbepE"},{"id":"ed35a3b0-480a-4c87-a7af-f12f09eeedc4","contentKey":"s5s5ejuDru4uchuF2drUFuthaspAbepE"},{"id":"c9bc7d6d-2dd9-478b-948a-fc365058f9fc","contentKey":"s5s5ejuDru4uchuF2drUFuthaspAbepE"},{"id":"7f154e51-22b7-4952-bc8e-e06c0aebd398","contentKey":"s5s5ejuDru4uchuF2drUFuthaspAbepE"},{"id":"0dfb9a82-fd02-3029-bee1-d8cbc3de5cd4","contentKey":"xQ7gQ8UmQ5TqWtOJTsU0IfLOJlxFMuTg"},{"id":"9f1aec9d-2f60-4370-a8fa-abe35af4f2dc","contentKey":"s5s5ejuDru4uchuF2drUFuthaspAbepE"},{"id":"0c969139-74f8-4d50-abe7-e34024b1e045","contentKey":"s5s5ejuDru4uchuF2drUFuthaspAbepE"},{"id":"b1098a19-55c8-4ce9-8433-f08d5b42e866","contentKey":"s5s5ejuDru4uchuF2drUFuthaspAbepE"},{"id":"c5394852-cd7a-454c-8f33-488f8b5c7e44","contentKey":"iZ3OUQhp3p2z29FTEZZHxOzqlEbKirvi"},{"id":"aefb506b-eebd-428e-8cbb-44163c438fb5","contentKey":"s5s5ejuDru4uchuF2drUFuthaspAbepE"},{"id":"009316c3-7065-42b2-b045-532c664ee3ce","contentKey":"s5s5ejuDru4uchuF2drUFuthaspAbepE"},{"id":"68972ed0-a3e2-4c19-96ef-f42c6f11e823","contentKey":"s5s5ejuDru4uchuF2drUFuthaspAbepE"},{"id":"3a9775b6-1c23-4ee0-b81c-124565482e19","contentKey":"s5s5ejuDru4uchuF2drUFuthaspAbepE"},{"id":"7c63aa79-32f9-4b91-bad2-a513b42a3229","contentKey":"uC3BfbAlBXbBLcU0vqH8Hp9jmBqhjFpJ"},{"id":"5cfc95c0-7490-4bdd-a5f9-d1164decbb1b","contentKey":"s5s5ejuDru4uchuF2drUFuthaspAbepE"},{"id":"66df55de-81bc-4609-af7a-c7bda0ee0d94","contentKey":"fX8WWALJBc4X2TCTgoSE5QvyNoGioSmy"},{"id":"ae5637c7-b269-41aa-9b07-1069c26926cb","contentKey":"s5s5ejuDru4uchuF2drUFuthaspAbepE"},{"id":"57631d1b-c4d8-4c26-9e3e-a75fee2e8594","contentKey":"s5s5ejuDru4uchuF2drUFuthaspAbepE"},{"id":"a55fd9ed-0052-4853-8412-2284c1d153f0","contentKey":"s5s5ejuDru4uchuF2drUFuthaspAbepE"},{"id":"872381cf-22e0-476b-825a-c82f72e290e4","contentKey":"s5s5ejuDru4uchuF2drUFuthaspAbepE"},{"id":"ac8e850e-425d-4779-82f4-11604a944ec3","contentKey":"s5s5ejuDru4uchuF2drUFuthaspAbepE"},{"id":"02ceb6a1-76e0-4ec6-beea-141641608ad3","contentKey":"oZ8xdlbwkYgLPkSvpSG9ybj26F2NCa3F"},{"id":"63c30cec-6fe0-47da-b11f-415a10d54675","contentKey":"nE4dygxwvjKWPNHsGTXgFEbMCLQ4M2AM"},{"id":"f39da1de-f97b-45bc-83e1-de10497e9849","contentKey":"s5s5ejuDru4uchuF2drUFuthaspAbepE"},{"id":"648cf3c0-a5bf-468f-84cc-518766d62c24","contentKey":"s5s5ejuDru4uchuF2drUFuthaspAbepE"},{"id":"03260f7d-0ae5-4056-841a-bd2cee065c4a","contentKey":"s5s5ejuDru4uchuF2drUFuthaspAbepE"},{"id":"f36dfcd0-8e75-4ac8-8d69-77b442250e90","contentKey":"wH7246pS7IiiGEdnKu6xkuKv9dStxWzi"},{"id":"f8e9a300-e0f5-4786-b999-8c2f0de5184b","contentKey":"s5s5ejuDru4uchuF2drUFuthaspAbepE"},{"id":"7c56e7dc-3f1a-4ad0-9651-7c13fcf163e5","contentKey":"s5s5ejuDru4uchuF2drUFuthaspAbepE"},{"id":"1962506c-7e97-4cf9-bd2b-e8cfe01c6b19","contentKey":"s5s5ejuDru4uchuF2drUFuthaspAbepE"},{"id":"82ef2d08-d920-48f5-8c46-4e52b4c548bc","contentKey":"s5s5ejuDru4uchuF2drUFuthaspAbepE"},{"id":"680fe5d9-efa4-4ada-96d4-b7e7dcc94d30","contentKey":"mZ5kswSW8ow4iU2V9oc50Z1smHoFZVla"},{"id":"2dab484a-17b4-496c-8948-ea62de9416d8","contentKey":"s5s5ejuDru4uchuF2drUFuthaspAbepE"},{"id":"1f26495c-81d5-49ff-92b4-de199cafc59c","contentKey":"s5s5ejuDru4uchuF2drUFuthaspAbepE"},{"id":"7de76407-0680-4b5e-8ce0-5a256fc53787","contentKey":"jJ7PBFj6PhccdKeZ1wKUjPkxTBpVCX2z"},{"id":"716e6026-5e14-4d34-8001-5a7a27cd1a67","contentKey":"bK4TSXcCL95HAmiFrP4qph2TkRziVEep"},{"id":"a449e970-de4c-4a5f-8cb4-b23b44ee6d75","contentKey":"mtH9EsEzqyB1rx1awG9meVnowaMH5Mjx"},{"id":"e9a7835f-de11-4fb5-a26b-eb8f5fb9349e","contentKey":"s5s5ejuDru4uchuF2drUFuthaspAbepE"},{"id":"ce8f5d4c-a7ba-41c8-88e0-4307f3359e52","contentKey":"s5s5ejuDru4uchuF2drUFuthaspAbepE"},{"id":"e505c8bc-e04e-40c8-b374-37296d967544","contentKey":"sI7KaN33aUC6nJ3wqchg2dSfOstitPlB"},{"id":"a31c9002-264e-4ba5-b3d3-07ca5dea37a2","contentKey":"s5s5ejuDru4uchuF2drUFuthaspAbepE"},{"id":"05ead86c-572c-40c8-8cb0-8733a7894185","contentKey":"s5s5ejuDru4uchuF2drUFuthaspAbepE"},{"id":"9e43d54a-f9c8-42bd-bf58-d80c54d1b164","contentKey":"J3AZHejZLkKK9U6EBpkAosm7929aSBMK"},{"id":"6d9f24c0-6246-4c92-8169-4648d1981cbb","contentKey":"s5s5ejuDru4uchuF2drUFuthaspAbepE"},{"id":"384d91ee-b8aa-44e8-aa8f-8f86fea95b2c","contentKey":"s5s5ejuDru4uchuF2drUFuthaspAbepE"},{"id":"b3377d2f-4667-41b1-ba2e-2bafbe3cae50","contentKey":"s5s5ejuDru4uchuF2drUFuthaspAbepE"},{"id":"823caf39-e823-4966-8b21-1b34dfd288a4","contentKey":"jV0KcgEaJafaj6UAVI1R9dTpY7lHTq25"},{"id":"0ec503f1-2c04-474b-adac-bab65ae84d9b","contentKey":"s5s5ejuDru4uchuF2drUFuthaspAbepE"},{"id":"2e546478-7476-4882-bf6e-d87af7cab364","contentKey":"s5s5ejuDru4uchuF2drUFuthaspAbepE"},{"id":"33ff4703-dbcb-4dfc-b47a-86f03cdc02bf","contentKey":"s5s5ejuDru4uchuF2drUFuthaspAbepE"},{"id":"7095cdd2-699c-4735-b07c-3423d9d52ba0","contentKey":"uF1acjn7q4kmyVXb81TBomdKxiPRSifP"},{"id":"2c79d913-3c91-46c9-94e5-647478b3fb27","contentKey":"s5s5ejuDru4uchuF2drUFuthaspAbepE"},{"id":"01a31497-1cf6-4ea9-a520-7dde94d68c7f","contentKey":"s5s5ejuDru4uchuF2drUFuthaspAbepE"},{"id":"f79f21ea-3465-4180-9941-e521cf3d45e5","contentKey":"s5s5ejuDru4uchuF2drUFuthaspAbepE"},{"id":"35c4a4a9-0baa-4051-8d15-23bc95c52a30","contentKey":"hW7rqRePLavIM6RQ0BipMXtuP2FKezrU"},{"id":"3812f320-1f94-4036-ac13-c7124ea2d730","contentKey":"zK1awvcmLekFLxgJr51JWeZtS1JLTrQd"},{"id":"cf98b303-f6c1-e3d3-aab9-a5c4e839dc8d","contentKey":"s5s5ejuDru4uchuF2drUFuthaspAbepE"},{"id":"6fa26a00-4347-4729-b08a-38f0448600a6","contentKey":"sS5aWdrzpTdt163IVVdGwv1LfJQQAxbo"},{"id":"d0107ae8-9cbe-4c67-8330-61356327551e","contentKey":"aO8vXxLxH9FYC0yNX1hZqblS6749PCyu"},{"id":"36354c68-40b9-463c-ab81-73ee816a3950","contentKey":"bK2jabbdyydgardabAmxPw579PqZ159Z"},{"id":"9cf7edb9-045b-49d7-a3ee-4789eb7e1d42","contentKey":"eE3KdV0MqAPKVmFri2OnQqZainh80cMI"},{"id":"947e86a5-d477-4eb9-b96b-4c6bfab3fd1d","contentKey":"s5s5ejuDru4uchuF2drUFuthaspAbepE"},{"id":"04ff8120-1dd9-4393-a375-eee3a41935a6","contentKey":"s5s5ejuDru4uchuF2drUFuthaspAbepE"},{"id":"84aeb999-12d6-e2be-5ac0-afae6fd7574b","contentKey":"s5s5ejuDru4uchuF2drUFuthaspAbepE"},{"id":"727df6bb-5392-4b92-b262-54545731116a","contentKey":"s5s5ejuDru4uchuF2drUFuthaspAbepE"},{"id":"75794168-e47e-4da8-aa5f-3536d94c8dbf","contentKey":"s5s5ejuDru4uchuF2drUFuthaspAbepE"},{"id":"09ba207f-9287-4ad0-b967-138600b24f7e","contentKey":"zX6fhggoQMx9qvi3nMoWirXXGKfGyKJO"},{"id":"5594228e-4c05-4baf-8293-dc611eb69638","contentKey":"s5s5ejuDru4uchuF2drUFuthaspAbepE"},{"id":"c5d1fcef-c4a1-4c2a-b5e3-f4cdea83974a","contentKey":"tW9pL3kjvUOsLnK3lGVmV2Hu0mMk4367"},{"id":"46a7d52d-38aa-44f2-998c-c760d3757fec","contentKey":"s5s5ejuDru4uchuF2drUFuthaspAbepE"},{"id":"86e4e802-00ed-4922-9548-6da2af92e2c4","contentKey":"7Upb5uwxRWmJukB5Ff4G4dfzs5mxbSF4"},{"id":"851a0a7c-7853-4d1f-922b-d01173363744","contentKey":"lE5eP8NU9GAKKkcXE7JrOnWeGW6fysNM"},{"id":"a084a471-3569-4780-8c51-873031e9b4b7","contentKey":"s5s5ejuDru4uchuF2drUFuthaspAbepE"},{"id":"3223e4a3-1744-4f47-97f9-d0117e4d0106","contentKey":"mU20psJ59QMofBNBqb0dmsnit7fQfhbA"},{"id":"d67e078d-d5f8-4196-b34d-d45485a5727e","contentKey":"s5s5ejuDru4uchuF2drUFuthaspAbepE"},{"id":"9cb05600-4a26-485d-9367-0f043811f205","contentKey":"s5s5ejuDru4uchuF2drUFuthaspAbepE"},{"id":"0887d1fd-a752-47d9-a119-b47e6a5fac67","contentKey":"s5s5ejuDru4uchuF2drUFuthaspAbepE"},{"id":"5e6f8875-20ee-399e-8ad6-0b9d644e8bef","contentKey":"lJ69ph6LrjkF2YtLSXIBcSCkSSPfKTen"},{"id":"18891e6c-bb3d-47f6-bc15-265605d86525","contentKey":"s5s5ejuDru4uchuF2drUFuthaspAbepE"},{"id":"55f11ed9-3239-4e65-862a-c960a4c1e93d","contentKey":"s5s5ejuDru4uchuF2drUFuthaspAbepE"},{"id":"26e39a70-8e39-4f11-8797-48a28e15716b","contentKey":"s5s5ejuDru4uchuF2drUFuthaspAbepE"},{"id":"9334076a-1025-41a8-afed-3039b27a7fc8","contentKey":"s5s5ejuDru4uchuF2drUFuthaspAbepE"},{"id":"33893059-590d-4ba8-9075-ae9ea775af16","contentKey":"s5s5ejuDru4uchuF2drUFuthaspAbepE"},{"id":"8cb7e2b1-59bf-4861-bbde-e114a51fa58d","contentKey":"s5s5ejuDru4uchuF2drUFuthaspAbepE"},{"id":"03a3bb63-525f-4913-a890-06bac54c3655","contentKey":"s5s5ejuDru4uchuF2drUFuthaspAbepE"},{"id":"9c544c0b-a9d5-41d1-9e52-dc1980facfcc","contentKey":"eQ2uZmILiZVNTe3VVzBxNEfmsLw2XRXE"},{"id":"0e80e8a0-2abb-4c08-ae2c-d2e146ae6932","contentKey":"s5s5ejuDru4uchuF2drUFuthaspAbepE"},{"id":"9324c7e3-2c24-483c-bfc1-7673cbdd8fda","contentKey":"dP4llguqBWrFAaWgUKs19NQqlZctNkGC"},{"id":"f731c6f5-241e-490f-b95e-c697f9245902","contentKey":"s5s5ejuDru4uchuF2drUFuthaspAbepE"},{"id":"8aa16108-f899-4bb3-8306-df63673609e7","contentKey":"xA14d93NIiBuKtzqqycRgYHB0dUFqryP"},{"id":"a13f51c2-00d8-459c-bec5-957c35b54a9d","contentKey":"s5s5ejuDru4uchuF2drUFuthaspAbepE"},{"id":"cbee80bb-85f8-4512-809f-5e10cd2942ae","contentKey":"s5s5ejuDru4uchuF2drUFuthaspAbepE"},{"id":"18e61e9d-54a6-3d87-bb35-d0134cf486c1","contentKey":"s5s5ejuDru4uchuF2drUFuthaspAbepE"},{"id":"050ac25f-3124-4acb-ad16-64b779f8255f","contentKey":"jhXUipNeq5ohY3cWRsoCrjSWpX4vc63h"},{"id":"202539ce-e6c5-40b5-a4a1-4296277d18f6","contentKey":"s5s5ejuDru4uchuF2drUFuthaspAbepE"},{"id":"ab2a28b1-ea09-4ad0-b2da-aa0b8f3e4762","contentKey":"sQ1oGxVr6MoxMYBCcPxaZ8UcVfGgFZWF"},{"id":"3e3d01ad-3a99-404e-97e9-48c35eb65e52","contentKey":"s5s5ejuDru4uchuF2drUFuthaspAbepE"},{"id":"ede50bf4-b3f8-4173-b868-42a50938d88b","contentKey":"s5s5ejuDru4uchuF2drUFuthaspAbepE"},{"id":"e5f03e16-17f6-441e-bbe6-b65177268ced","contentKey":"s5s5ejuDru4uchuF2drUFuthaspAbepE"},{"id":"659b5fdb-3260-47ff-9aeb-41818d74acdd","contentKey":"s5s5ejuDru4uchuF2drUFuthaspAbepE"},{"id":"2c2bb96f-3852-4450-a5b1-224549991395","contentKey":"tQ30A26jggjXZBmcc6CqU9KyUb7zB4T9"},{"id":"14b071c2-908a-4a0c-8b74-4d4b368e3370","contentKey":"s5s5ejuDru4uchuF2drUFuthaspAbepE"},{"id":"1c74839a-17c0-11eb-adc1-0242ac120002","contentKey":"s5s5ejuDru4uchuF2drUFuthaspAbepE"},{"id":"ecf0aa8f-10d4-4d14-9468-1f2048226c7b","contentKey":"s5s5ejuDru4uchuF2drUFuthaspAbepE"},{"id":"294b48b7-deb8-41cc-a6f0-c3a2d4369e97","contentKey":"s5s5ejuDru4uchuF2drUFuthaspAbepE"},{"id":"571068f8-d4f2-453d-a114-20484cc2897d","contentKey":"s5s5ejuDru4uchuF2drUFuthaspAbepE"},{"id":"4d88f79a-c642-4af4-b0cb-53780b2cd8f9","contentKey":"s5s5ejuDru4uchuF2drUFuthaspAbepE"},{"id":"9ea60f75-1dab-4382-b245-60631c8f65e8","contentKey":"s5s5ejuDru4uchuF2drUFuthaspAbepE"},{"id":"1762466d-5083-4985-8a5a-df98e1dd2893","contentKey":"s5s5ejuDru4uchuF2drUFuthaspAbepE"},{"id":"335d1aca-7cd6-4077-8709-a27466277694","contentKey":"wX5UOvVvMCy36pbZQWxC0BM05OJ8myP6"},{"id":"e233f725-5dfc-411d-9fdf-6e16b5319971","contentKey":"s5s5ejuDru4uchuF2drUFuthaspAbepE"},{"id":"4328c19b-f29f-4977-a532-6f73ee9945ed","contentKey":"s5s5ejuDru4uchuF2drUFuthaspAbepE"},{"id":"af947cf4-6a67-4026-8e6f-f986289efd50","contentKey":"s5s5ejuDru4uchuF2drUFuthaspAbepE"},{"id":"d845e70c-6288-4078-b666-13ea251eaae4","contentKey":"rbcJmpHmwrpAZYYeb5jCZaqTjgPmMV8n"},{"id":"28e506f1-d107-4e01-8385-ddd99f7e349c","contentKey":"nL7f7CQQBkqhp95UcRktvYBrbll9Zqis"},{"id":"9d8b3cc2-6371-4478-9af3-f86656981821","contentKey":"s5s5ejuDru4uchuF2drUFuthaspAbepE"},{"id":"5fb7df4d-09d4-4fe7-b07b-b3080801d7ec","contentKey":"fL7ksjSU7bcJLSJwzvilZLt7FavYdRnc"},{"id":"c921ea8b-5ad1-4a16-841e-f77f65c739ce","contentKey":"vJ2chnJ36vq3ENAsL7aNId4H8G4EULI3"},{"id":"13306566-1d6f-437c-a66e-7c8d5917bbdd","contentKey":"s5s5ejuDru4uchuF2drUFuthaspAbepE"},{"id":"a7657028-94cf-4d70-a421-42b64c18ad27","contentKey":"s5s5ejuDru4uchuF2drUFuthaspAbepE"},{"id":"2951ba6a-4c61-47cd-9e6a-5682678b56fc","contentKey":"s5s5ejuDru4uchuF2drUFuthaspAbepE"},{"id":"bb8035c5-b2d7-4a12-bf6c-5ca3e1b8b36e","contentKey":"s5s5ejuDru4uchuF2drUFuthaspAbepE"},{"id":"ca02d5ad-1ec4-4548-a5c8-8c9f38e6a499","contentKey":"s5s5ejuDru4uchuF2drUFuthaspAbepE"},{"id":"2c5ecade-c99d-64c0-9a41-dddccc7d9878","contentKey":"s5s5ejuDru4uchuF2drUFuthaspAbepE"},{"id":"dacabf95-6be4-4ec5-b060-0ec9140860df","contentKey":"HMDpvidY6hXsNpNvNKTiPPBBZLDibgjy"},{"id":"d44b8343-c927-4d8a-8e54-3cb2df22192f","contentKey":"s5s5ejuDru4uchuF2drUFuthaspAbepE"},{"id":"925cc612-e615-4f62-b3cf-69f2d00fcaad","contentKey":"s5s5ejuDru4uchuF2drUFuthaspAbepE"},{"id":"e86b1c78-0587-4561-bcbe-6adafeac17bb","contentKey":"s5s5ejuDru4uchuF2drUFuthaspAbepE"},{"id":"d72d1267-18d1-4fd3-a9a0-2d1dbea1cd70","contentKey":"s5s5ejuDru4uchuF2drUFuthaspAbepE"},{"id":"386eac21-45f3-43bb-ba0c-2cc4c215292a","contentKey":"hB8XHUiRa03MHXGKwddppHeERtO4bYXj"},{"id":"7181da56-ab94-422f-ad1f-7723c5d622f9","contentKey":"s5s5ejuDru4uchuF2drUFuthaspAbepE"},{"id":"6878119d-b606-43e7-aecd-9a4df74d06a7","contentKey":"s5s5ejuDru4uchuF2drUFuthaspAbepE"},{"id":"7b79a712-f81b-4571-ba2e-c65891e644aa","contentKey":"s5s5ejuDru4uchuF2drUFuthaspAbepE"},{"id":"93bff151-98eb-4478-83d6-f8531e253016","contentKey":"s5s5ejuDru4uchuF2drUFuthaspAbepE"},{"id":"d39c7614-9675-ccec-b04d-e077454b1191","contentKey":"s5s5ejuDru4uchuF2drUFuthaspAbepE"},{"id":"572bf2ae-b8ec-4c9e-91c3-463659b773fe","contentKey":"rO1uj7Pd39gH3IRBM9e5vPu0QP0Y0LlX"},{"id":"853171b8-0710-41e3-9d3b-4d82f0a3c473","contentKey":"iO8SyKXhaEBKtySiPRKw6bVOT1ZpOiXf"},{"id":"612c94de-c9d7-44c1-8df7-476ab9cfc6d2","contentKey":"s5s5ejuDru4uchuF2drUFuthaspAbepE"},{"id":"85653a66-a024-496f-a648-d9f5b38cfd6c","contentKey":"s5s5ejuDru4uchuF2drUFuthaspAbepE"},{"id":"c027b2ce-6cce-49a9-8751-728fe6896a29","contentKey":"s5s5ejuDru4uchuF2drUFuthaspAbepE"},{"id":"fc419ce5-8706-45c9-beaf-5f702a67775a","contentKey":"BJ8TK6YR3ZqjCFntdEVZkUbcSsmnvUUa"},{"id":"5eb20165-47b0-45fc-8d1f-e6495c975bd8","contentKey":"s5s5ejuDru4uchuF2drUFuthaspAbepE"},{"id":"648c08dc-8187-f1ea-d01f-2715a6769574","contentKey":"s5s5ejuDru4uchuF2drUFuthaspAbepE"},{"id":"5d450355-902a-aacc-64f3-c51a4a60e7f9","contentKey":"s5s5ejuDru4uchuF2drUFuthaspAbepE"},{"id":"e0650942-1356-4001-9566-d8a791ff2459","contentKey":"s5s5ejuDru4uchuF2drUFuthaspAbepE"},{"id":"9004d7a3-4b1e-4214-9383-05c9ba2ee8b9","contentKey":"s5s5ejuDru4uchuF2drUFuthaspAbepE"},{"id":"d5562862-db13-451a-be8a-a585b06972bf","contentKey":"s5s5ejuDru4uchuF2drUFuthaspAbepE"},{"id":"d0c74562-fb24-cc54-4704-28f7eaf18172","contentKey":"s5s5ejuDru4uchuF2drUFuthaspAbepE"},{"id":"e42c08d0-71bb-4f7c-9d5a-a976f91bb65a","contentKey":"s5s5ejuDru4uchuF2drUFuthaspAbepE"},{"id":"d3f9c744-c289-443a-b2d0-c35569dec907","contentKey":"s5s5ejuDru4uchuF2drUFuthaspAbepE"},{"id":"bfe6e95f-e145-f8aa-3a33-30c6ede851d0","contentKey":"s5s5ejuDru4uchuF2drUFuthaspAbepE"},{"id":"b3b5a06a-7dc6-4ec6-a3cc-89c46f9a91e2","contentKey":"s5s5ejuDru4uchuF2drUFuthaspAbepE"},{"id":"572572bc-33b8-4dde-a8c4-5499d8e18b98","contentKey":"s5s5ejuDru4uchuF2drUFuthaspAbepE"},{"id":"bacc63a0-b101-4e0d-8661-a3072de25ac0","contentKey":"tH6tXNA0gPta3nMsB9ZCMCdYjvg4f8CS"},{"id":"2f16b241-26b8-5686-0ccf-95888534f03f","contentKey":"s5s5ejuDru4uchuF2drUFuthaspAbepE"},{"id":"f1a74b9c-f747-4c8e-a0ca-c47816ad2177","contentKey":"jI7yc2uVjSXxT7NbUruzcuskx93YdaNq"},{"id":"f7fc6e83-8cd7-4f97-bead-ca21fcd96d85","contentKey":"2pAiecCAYB9bNP83ir7L7BP8iw8fmUhB"},{"id":"fd604bc6-263e-4779-8fd1-2cfe015cb1c5","contentKey":"s5s5ejuDru4uchuF2drUFuthaspAbepE"},{"id":"7e3e2c50-0568-4a6a-80d6-0a7d4a1f9c51","contentKey":"s5s5ejuDru4uchuF2drUFuthaspAbepE"},{"id":"cf4bd5f3-29c2-039f-d694-f50008e60082","contentKey":"s5s5ejuDru4uchuF2drUFuthaspAbepE"},{"id":"ad7fea54-d4e4-4afc-b269-296921ca26cf","contentKey":"s5s5ejuDru4uchuF2drUFuthaspAbepE"},{"id":"955bd195-ad7a-466d-9d9f-40e9753e4e5a","contentKey":"s5s5ejuDru4uchuF2drUFuthaspAbepE"},{"id":"fb7fcd8f-febf-4cd2-a76b-8a5b352ae7ad","contentKey":"s5s5ejuDru4uchuF2drUFuthaspAbepE"},{"id":"af02308c-5ad4-4969-ba83-12bffa9656a8","contentKey":"s5s5ejuDru4uchuF2drUFuthaspAbepE"},{"id":"7ac46953-ec39-4622-a2e2-6a5950e8a6dc","contentKey":"vF4NxHhvH7bNGd8fhIUdofB3MFNR3vNT"},{"id":"9b22787a-86d7-467f-9019-7e8cece2fc68","contentKey":"s5s5ejuDru4uchuF2drUFuthaspAbepE"},{"id":"d7f3a327-8413-4d62-8666-c93c2fbf1557","contentKey":"uF5zc620Z6xIO25AaGYqnVcgxrLB2RST"},{"id":"4c0e855d-c6d0-4c64-b7ba-56adfed9bfd1","contentKey":"s5s5ejuDru4uchuF2drUFuthaspAbepE"},{"id":"e847933f-6578-4b6f-ad48-e9e97d1ec728","contentKey":"s5s5ejuDru4uchuF2drUFuthaspAbepE"},{"id":"85c20542-6590-421e-4672-9e8e4c4240da","contentKey":"s5s5ejuDru4uchuF2drUFuthaspAbepE"},{"id":"86c6d0f5-f0dc-48a5-bcb9-bd4702ffc7b8","contentKey":"s5s5ejuDru4uchuF2drUFuthaspAbepE"},{"id":"210a9cc0-cebc-c3df-5d05-379a0d79df82","contentKey":"s5s5ejuDru4uchuF2drUFuthaspAbepE"},{"id":"8bd03856-91c1-4ece-a09d-12c4aba0f6ac","contentKey":"s5s5ejuDru4uchuF2drUFuthaspAbepE"},{"id":"83d2bdf7-4843-389b-2f49-e03d2fbab233","contentKey":"s5s5ejuDru4uchuF2drUFuthaspAbepE"},{"id":"bb34f9bb-9cfa-4a64-8674-99b9f114349e","contentKey":"bS65swCk83Nn9F68n91Jnf0JSjA7E42g"},{"id":"71805366-d0f2-4197-90f6-4bb55e55432a","contentKey":"s5s5ejuDru4uchuF2drUFuthaspAbepE"},{"id":"bc6e36e4-f52a-4912-85d7-fcd6b76ba489","contentKey":"eO46pulxc7VBOK3l48eke10S7f5Uf2dV"},{"id":"2f38749c-be37-4480-9574-397607a0591b","contentKey":"s5s5ejuDru4uchuF2drUFuthaspAbepE"},{"id":"990e019f-7373-44ac-a4a5-87d89d94b270","contentKey":"s5s5ejuDru4uchuF2drUFuthaspAbepE"},{"id":"a555f509-5ba5-4bc3-ba90-8199ad126bbd","contentKey":"s5s5ejuDru4uchuF2drUFuthaspAbepE"},{"id":"242beaf8-1226-4127-b556-b6a3a8a06df0","contentKey":"eC9HoYZyO3J2LvbovPzgk1V2Kjrx3G59"},{"id":"08658d6a-91a8-4e98-83ae-5b73e5b0daea","contentKey":"s5s5ejuDru4uchuF2drUFuthaspAbepE"},{"id":"6f6b0748-2df6-4bb2-a713-f556852b5cc5","contentKey":"s5s5ejuDru4uchuF2drUFuthaspAbepE"},{"id":"305ddaad-cac0-4f3f-848f-4676b3c81a32","contentKey":"s5s5ejuDru4uchuF2drUFuthaspAbepE"},{"id":"6af67ae4-f316-4df0-826e-d3ea06840872","contentKey":"s5s5ejuDru4uchuF2drUFuthaspAbepE"},{"id":"368d8b0d-df74-46d5-a701-ec55d15f66fe","contentKey":"s5s5ejuDru4uchuF2drUFuthaspAbepE"},{"id":"2f72076c-15ff-4894-a37a-5623f464d6ed","contentKey":"s5s5ejuDru4uchuF2drUFuthaspAbepE"},{"id":"c98527b5-0860-460c-9442-65c613e25b88","contentKey":"s5s5ejuDru4uchuF2drUFuthaspAbepE"},{"id":"0f4080f5-b77b-42ec-936e-57a706cdf0cb","contentKey":"s5s5ejuDru4uchuF2drUFuthaspAbepE"},{"id":"6d752b6d-e443-4c8a-b4ef-a276fd82873d","contentKey":"xV64Fa8NhzNINyEWpvJ0O1rqNyiCWlOU"},{"id":"6a436ef1-ce85-421b-acf4-017f02ab70ab","contentKey":"s5s5ejuDru4uchuF2drUFuthaspAbepE"},{"id":"4f7cdadd-a33c-489d-8969-752ca689f567","contentKey":"s5s5ejuDru4uchuF2drUFuthaspAbepE"},{"id":"114d2317-f717-4faf-b025-0be4533334c5","contentKey":"s5s5ejuDru4uchuF2drUFuthaspAbepE"},{"id":"c101b83e-f39f-46fc-996f-b8dd05cec87f","contentKey":"s5s5ejuDru4uchuF2drUFuthaspAbepE"},{"id":"1be542da-a970-49aa-8087-a25062a05a98","contentKey":"s5s5ejuDru4uchuF2drUFuthaspAbepE"},{"id":"01b36c69-9b4c-4f53-99b5-150d622bdb98","contentKey":"s5s5ejuDru4uchuF2drUFuthaspAbepE"},{"id":"ae9853fa-c41a-40ac-b95e-66dd5e6f0837","contentKey":"hP6IWm8eYcysUbIiYWdP0a23NCbbWSaT"},{"id":"9d0ac66d-380d-45fa-bf5d-19a1a5ace5fe","contentKey":"s5s5ejuDru4uchuF2drUFuthaspAbepE"},{"id":"123dd57a-226f-4895-a1bc-b3b69d3f44dd","contentKey":"Dyg7ExHp5ZHL3qEaddnJZYvT5mQGA4RV"},{"id":"ae272eba-e288-4e0b-b8a1-0b52b5279948","contentKey":"s5s5ejuDru4uchuF2drUFuthaspAbepE"},{"id":"8a463acb-cca8-4286-9751-61364cca9b87","contentKey":"zB5wtCcfdeK1uUXgWAmqI65q0no3ic1a"},{"id":"c5cb1506-47f2-4ac7-9c2f-69c5905acb69","contentKey":"s5s5ejuDru4uchuF2drUFuthaspAbepE"},{"id":"05af18ca-920f-4232-83cb-133b2d913dd6","contentKey":"s5s5ejuDru4uchuF2drUFuthaspAbepE"},{"id":"f37a3fc7-0d3e-4b87-a786-f85c89ba95ac","contentKey":"s5s5ejuDru4uchuF2drUFuthaspAbepE"},{"id":"cd5f8a63-2c3d-4dd5-a4f7-8ac7f8f2269e","contentKey":"s5s5ejuDru4uchuF2drUFuthaspAbepE"},{"id":"c5e1afb3-f8bc-42b1-a993-7268a0208f3a","contentKey":"bH4rGX3nf9qmFIuFevAFtYSsqNvJJ3Nn"},{"id":"dafa8bcd-dbec-4db3-8cec-7bed87ce27c2","contentKey":"s5s5ejuDru4uchuF2drUFuthaspAbepE"},{"id":"565bbef2-62d0-4c7c-b90a-63fb961272b3","contentKey":"s5s5ejuDru4uchuF2drUFuthaspAbepE"},{"id":"437181bc-2ea3-45a7-a476-4f3d541b33d0","contentKey":"s5s5ejuDru4uchuF2drUFuthaspAbepE"},{"id":"d5a61c8a-fcab-4f9b-8a0f-1e6c74e6fef0","contentKey":"iN5ut9dMkqOCvqOf228ZjL68AIX86iw4"},{"id":"91b598f6-7039-4d65-abf9-e7b59a0c62fb","contentKey":"oL0ZzFXHtNdTJI8CLxK44TjIcdLpqF3B"},{"id":"9b6293d2-097d-401c-848e-8fc75edc7feb","contentKey":"q8thh9VyQ9Mp5L4eEyfZ2qnsu5y47Vr3"},{"id":"0d9a39c1-9c3f-454a-a08f-86961e15e9fd","contentKey":"pL8VEiWFuCBVYo2oK9eoeGFGF95zrefU"},{"id":"c07afb8f-399d-483a-ba1e-3fcc960aaacf","contentKey":"s5s5ejuDru4uchuF2drUFuthaspAbepE"},{"id":"e4530f28-e85f-4b77-8a0c-c12eb33b51fe","contentKey":"s5s5ejuDru4uchuF2drUFuthaspAbepE"},{"id":"ee045fd1-685b-44df-809f-ecbeec456ceb","contentKey":"s5s5ejuDru4uchuF2drUFuthaspAbepE"},{"id":"e8ad3b41-ddd3-4247-907b-090419cdb7ca","contentKey":"a6m9ePkHwm2F9pzt7XKcvnnemXWudQge"},{"id":"4621a07c-4921-4d3f-8356-0cfcf6393a3b","contentKey":"s5s5ejuDru4uchuF2drUFuthaspAbepE"},{"id":"f52e5ea6-d541-44d6-9c37-54cad9b0ff95","contentKey":"s5s5ejuDru4uchuF2drUFuthaspAbepE"},{"id":"42fde774-37d4-4422-b374-89ff13a6535a","contentKey":"s5s5ejuDru4uchuF2drUFuthaspAbepE"},{"id":"957b045a-6477-421c-c20d-de4aee743ce2","contentKey":"s5s5ejuDru4uchuF2drUFuthaspAbepE"},{"id":"8536eb9b-4b47-4da2-9a14-42f87f36ae37","contentKey":"pA8J2yO82yALZ3lwwA2zuLvMwl2feQqa"},{"id":"11026c9b-219e-4ab8-9230-6e988ace7ea9","contentKey":"s5s5ejuDru4uchuF2drUFuthaspAbepE"},{"id":"37b41b1d-179b-4aa6-b06c-10e04bd1bc5f","contentKey":"s5s5ejuDru4uchuF2drUFuthaspAbepE"},{"id":"7dfa0b92-b058-4aea-94a3-3d44c39faaf6","contentKey":"s5s5ejuDru4uchuF2drUFuthaspAbepE"},{"id":"07b62df9-8e7c-4df5-a493-5c5026ed760d","contentKey":"xX5SjEwPAwc26jyy4By0LwWohY6wzLEb"},{"id":"f024297d-8b0c-4c1f-8c0f-9b893561842e","contentKey":"s5s5ejuDru4uchuF2drUFuthaspAbepE"},{"id":"dbbc4fdb-c693-4c6b-8ff2-50bad7d3639a","contentKey":"s5s5ejuDru4uchuF2drUFuthaspAbepE"},{"id":"6f87b10e-fedd-4d8e-bec8-1c85ca48ff78","contentKey":"s5s5ejuDru4uchuF2drUFuthaspAbepE"},{"id":"24f33f06-7796-4f87-854c-7ecf3ca276f2","contentKey":"s5s5ejuDru4uchuF2drUFuthaspAbepE"},{"id":"280bc835-0247-fd10-91d6-94daea1a0f76","contentKey":"s5s5ejuDru4uchuF2drUFuthaspAbepE"},{"id":"9195d82f-55c7-43c7-a5f6-3f7a9150ff1e","contentKey":"s5s5ejuDru4uchuF2drUFuthaspAbepE"},{"id":"54045247-66f8-4e86-a854-56a935b4f1f8","contentKey":"s5s5ejuDru4uchuF2drUFuthaspAbepE"},{"id":"19c2ce58-549c-4b74-a388-a22df30d37d7","contentKey":"s5s5ejuDru4uchuF2drUFuthaspAbepE"},{"id":"bb00c27a-d1ec-4572-95a9-4307b60744c6","contentKey":"s5s5ejuDru4uchuF2drUFuthaspAbepE"},{"id":"6dd86351-0191-4a3e-85cf-2a81647b830c","contentKey":"s5s5ejuDru4uchuF2drUFuthaspAbepE"},{"id":"ffe8699c-3682-477b-854d-08d8b6a62154","contentKey":"s5s5ejuDru4uchuF2drUFuthaspAbepE"},{"id":"96e8daad-3d7a-4818-bc25-2c815fb3bbc2","contentKey":"s5s5ejuDru4uchuF2drUFuthaspAbepE"},{"id":"6f5af2cd-6d4b-474d-84ca-b7efe7a4cbef","contentKey":"iJ5upMtN23fYPCzNH7Y83ihKGu6ni8AC"},{"id":"aebce8ef-e8c3-40b9-ac5c-f7f3b25cffb4","contentKey":"s5s5ejuDru4uchuF2drUFuthaspAbepE"},{"id":"100e2efa-f441-4276-ac53-0b0acca1d8bd","contentKey":"s5s5ejuDru4uchuF2drUFuthaspAbepE"},{"id":"2887ca5c-18c9-43ba-ad98-c5ad4b440ec8","contentKey":"s5s5ejuDru4uchuF2drUFuthaspAbepE"},{"id":"4af45af4-d412-45d0-a6ae-a1d068561c14","contentKey":"s5s5ejuDru4uchuF2drUFuthaspAbepE"},{"id":"f9f1366f-19db-4248-a7e3-da38b9355049","contentKey":"s5s5ejuDru4uchuF2drUFuthaspAbepE"},{"id":"6344e12f-d320-43ef-a2c3-e4e5534043c0","contentKey":"s5s5ejuDru4uchuF2drUFuthaspAbepE"},{"id":"c00599a7-087f-a931-23ee-b432ea48eb57","contentKey":"s5s5ejuDru4uchuF2drUFuthaspAbepE"},{"id":"79fab0ba-0fb6-4b22-aa8e-e6d3869cbaa3","contentKey":"s5s5ejuDru4uchuF2drUFuthaspAbepE"},{"id":"1fd28046-1eaf-4cc7-8554-d28d8c57fd26","contentKey":"sQ6IvZny6Nv9C2I4rbCSOWzVXd4IHdHu"},{"id":"c40effb5-65a0-448c-8ad7-c491e1070506","contentKey":"xY27HrTRGOap5HZ5RvP6yHheHJ6YwrBa"},{"id":"ba8475b8-0a95-4de7-a667-24bdf54b48ed","contentKey":"s5s5ejuDru4uchuF2drUFuthaspAbepE"},{"id":"296469da-3995-426d-b478-e666fdec82c3","contentKey":"s5s5ejuDru4uchuF2drUFuthaspAbepE"},{"id":"6b8af968-5d38-4fa6-90f9-1d58e53d6e17","contentKey":"s5s5ejuDru4uchuF2drUFuthaspAbepE"},{"id":"3545bb8d-41e6-4287-8657-06046eb63d36","contentKey":"rnqByyLBQJSVdLHhYwn7Hdb4P21U48Tz"},{"id":"06cf9488-4bd0-477f-a5d9-cac2873e7ad5","contentKey":"s5s5ejuDru4uchuF2drUFuthaspAbepE"},{"id":"d87ca732-a970-4f83-acf2-3dea88c7d235","contentKey":"eN8C0Cbb8x1eXS2R1A1UWJlqLLxkUUNV"},{"id":"ea3a4839-f15e-464e-ae91-e7b8139847cc","contentKey":"aW1ncp64uxJYP7eSZoWP7cERjxgWCEHR"},{"id":"887f1d8e-ff16-4dff-afc2-696e82e5c27b","contentKey":"tT4H9j8r4Om7FCBdxVztWyGwBWP04mrW"},{"id":"65c3f9ef-ad76-4deb-89b4-d181dc572995","contentKey":"bV5MWIjUAY6ipPPP4BvgypWp8GS7SCBP"},{"id":"e1097e28-2a58-4c98-8791-f7cc3016b256","contentKey":"mB2TP18s6CSNS6dU0MF0c5kmUKw6LsQf"},{"id":"194e7ecd-7252-4ff8-b52c-49cfca9753fd","contentKey":"s5s5ejuDru4uchuF2drUFuthaspAbepE"},{"id":"e7aeb5d8-aef1-4f9d-95d9-a01594f11c20","contentKey":"s5s5ejuDru4uchuF2drUFuthaspAbepE"},{"id":"556c54e9-84aa-4922-a975-272ffdd6e681","contentKey":"mCcj5qYC4Grv8rkZjJ6wxEKsxm6HSb6W"},{"id":"89c78b95-7c23-4650-9388-e36e8e96ad3e","contentKey":"s5s5ejuDru4uchuF2drUFuthaspAbepE"},{"id":"04019d2d-b077-7dc1-1342-7ebfb054f5da","contentKey":"s5s5ejuDru4uchuF2drUFuthaspAbepE"},{"id":"e09bed56-8c66-4c42-9044-69a64d90711e","contentKey":"s5s5ejuDru4uchuF2drUFuthaspAbepE"},{"id":"730366a9-3188-4e73-804c-d892eac84570","contentKey":"cQ102NkWqtn7x07n6TaHCx8YlwyJtzW9"},{"id":"7edebada-c585-4476-bdcf-aac6b93077ec","contentKey":"s5s5ejuDru4uchuF2drUFuthaspAbepE"},{"id":"541a0c1a-ebf6-43c1-b76e-acc3303623d9","contentKey":"s5s5ejuDru4uchuF2drUFuthaspAbepE"},{"id":"ba02faa1-ad0d-45ea-8225-c23f3352b4fe","contentKey":"s5s5ejuDru4uchuF2drUFuthaspAbepE"},{"id":"e4d586b5-ab6f-4fd5-82d5-6158a755e012","contentKey":"s5s5ejuDru4uchuF2drUFuthaspAbepE"},{"id":"ba692d28-b4ca-40ce-9e0e-7f7960baee13","contentKey":"s5s5ejuDru4uchuF2drUFuthaspAbepE"},{"id":"d22b8d90-8b4b-431d-9091-8e25559ece57","contentKey":"s5s5ejuDru4uchuF2drUFuthaspAbepE"},{"id":"f695fa27-44b4-488f-8f92-2453a586c8a0","contentKey":"s5s5ejuDru4uchuF2drUFuthaspAbepE"},{"id":"dca3b510-1a08-44f5-912b-aaf44a14c2b4","contentKey":"s5s5ejuDru4uchuF2drUFuthaspAbepE"},{"id":"7bbff4b2-f455-42a1-bec7-c2273c7fc0f7","contentKey":"s5s5ejuDru4uchuF2drUFuthaspAbepE"},{"id":"b528e05c-36f8-4ca3-81f8-993ec949d5b6","contentKey":"zR2N0SeyvkTSK7MCbhVRWOTlgJQZbo8C"},{"id":"01c5c6de-4c7a-4448-abf5-974e1f528476","contentKey":"s5s5ejuDru4uchuF2drUFuthaspAbepE"},{"id":"fe2c3f17-f10c-4406-8889-0a393a29978c","contentKey":"s5s5ejuDru4uchuF2drUFuthaspAbepE"},{"id":"3febe1b8-a861-4174-a06f-a88de3773d78","contentKey":"s5s5ejuDru4uchuF2drUFuthaspAbepE"},{"id":"305fcac4-41fe-42a1-8619-f7937c139711","contentKey":"vQ17sg9SGT5F1jXdoErY88FoIOIvT4nK"},{"id":"90cb7f0c-2b71-4162-b7f0-dee3f9c9bb51","contentKey":"vB9uRwt81ohV3OJMipnfdZUHqiudkaVC"},{"id":"083c0c90-cd38-46ad-a473-881f2a7cc069","contentKey":"s5s5ejuDru4uchuF2drUFuthaspAbepE"},{"id":"ce5c0300-7f03-455d-aaf1-352e4927b54d","contentKey":"s5s5ejuDru4uchuF2drUFuthaspAbepE"},{"id":"7b0f4525-185e-456a-9575-48fca931c2f4","contentKey":"s5s5ejuDru4uchuF2drUFuthaspAbepE"},{"id":"a423ce4b-d32e-459b-814d-3d8e54289234","contentKey":"s5s5ejuDru4uchuF2drUFuthaspAbepE"},{"id":"78c21769-fa51-deb5-86db-e8dd51733084","contentKey":"s5s5ejuDru4uchuF2drUFuthaspAbepE"},{"id":"3c024a0b-bbcb-4670-a731-f60607272b6f","contentKey":"s5s5ejuDru4uchuF2drUFuthaspAbepE"},{"id":"a0a01097-1aa3-4e2f-8cec-9f729ed67f61","contentKey":"s5s5ejuDru4uchuF2drUFuthaspAbepE"},{"id":"f0e46233-038b-4211-87b5-5082ce07b1b3","contentKey":"s5s5ejuDru4uchuF2drUFuthaspAbepE"},{"id":"ac8a4d1c-7df2-42f4-9c56-eb78cee4c049","contentKey":"s5s5ejuDru4uchuF2drUFuthaspAbepE"},{"id":"7f53c93c-ab32-4606-bc38-cdd96130cde0","contentKey":"oQ7LT7SZbsaQ5VOknaydLKhhqS5TniS0"},{"id":"10dba15a-6202-4f48-9c75-52bc64d73042","contentKey":"s5s5ejuDru4uchuF2drUFuthaspAbepE"},{"id":"395c99fb-35c0-493f-8895-62563a02f55c","contentKey":"s5s5ejuDru4uchuF2drUFuthaspAbepE"},{"id":"6b43d2b0-d032-42f5-9509-dc2bdc27a6f0","contentKey":"s5s5ejuDru4uchuF2drUFuthaspAbepE"},{"id":"84fa0a71-b570-442a-8c0a-e744c9c42964","contentKey":"s5s5ejuDru4uchuF2drUFuthaspAbepE"},{"id":"ba13d2e5-2c8e-4298-9872-6c949fec59e7","contentKey":"s5s5ejuDru4uchuF2drUFuthaspAbepE"},{"id":"1284d5c6-0165-def6-7027-d80f28494646","contentKey":"s5s5ejuDru4uchuF2drUFuthaspAbepE"},{"id":"b5b979ba-7b56-4150-9f3f-d01f8bcba43c","contentKey":"s5s5ejuDru4uchuF2drUFuthaspAbepE"},{"id":"7c87fd78-efe1-484f-897c-b4ea22f7cb58","contentKey":"s5s5ejuDru4uchuF2drUFuthaspAbepE"},{"id":"cdb3a504-2567-4e22-b42d-53930d277369","contentKey":"s5s5ejuDru4uchuF2drUFuthaspAbepE"},{"id":"cfb6aaf5-484c-43a1-a9ce-a6d65e14fe4e","contentKey":"s5s5ejuDru4uchuF2drUFuthaspAbepE"},{"id":"3fd772c0-6b6e-4a02-8514-57f5ec339eac","contentKey":"vG8J2QFe3GNRKeMP1rwaGLSnHUHWGncF"},{"id":"44c60ba0-0386-44cd-855d-c20a0932985b","contentKey":"zC7Q1Cms3HMUYevGo1J4UaedY30Xwdq9"},{"id":"91541f65-dd5c-40ec-af22-2dfa58897b83","contentKey":"s5s5ejuDru4uchuF2drUFuthaspAbepE"},{"id":"26463798-4839-46a6-9b7d-87c5b38ebf7b","contentKey":"yQ0ZkUioReGicWe0CYzPgnJ3xLkjx1ci"},{"id":"d2deb446-33b1-4b61-b160-2971084e82a0","contentKey":"s5s5ejuDru4uchuF2drUFuthaspAbepE"},{"id":"4cf40aaf-3674-499d-a079-1bd15f1d05d9","contentKey":"wU3CBFnlAPsp91OHV4EQ2jKCpwyMl6aZ"},{"id":"486f4d26-c2bd-45ba-80f1-6d7e7af02aff","contentKey":"s5s5ejuDru4uchuF2drUFuthaspAbepE"},{"id":"ddebd517-a5f6-4814-a376-56a0c0baf247","contentKey":"s5s5ejuDru4uchuF2drUFuthaspAbepE"},{"id":"635c9648-cf22-4da8-8d8e-939bcf41d488","contentKey":"d1YiMcKSjSqXYs3QgGtzryTQqbGxpMca"},{"id":"fbec1f90-7f5c-4d28-80f2-592291004968","contentKey":"s5s5ejuDru4uchuF2drUFuthaspAbepE"},{"id":"f8e8406a-e3d4-4965-b37d-98c0fd366c1f","contentKey":"wX57rq5ILnQe5TnBB3MfU85Lspw86kZw"},{"id":"0e095857-37ef-4423-afc7-493c666400f3","contentKey":"s5s5ejuDru4uchuF2drUFuthaspAbepE"},{"id":"12355419-f6cf-442d-88e9-99db1507f569","contentKey":"s5s5ejuDru4uchuF2drUFuthaspAbepE"},{"id":"9de26552-ecca-40de-8841-8c4fc9de36a2","contentKey":"mB3ZAnrxfvcanVKYhMdjEY1eRJWo83We"},{"id":"18d09ff2-a16d-4427-9c4e-a5c50262b2c2","contentKey":"s5s5ejuDru4uchuF2drUFuthaspAbepE"},{"id":"f13b786b-c7d3-4ec7-854c-49124ee403b8","contentKey":"s5s5ejuDru4uchuF2drUFuthaspAbepE"},{"id":"98a6329e-e02d-4c6c-8ee7-431734164503","contentKey":"s5s5ejuDru4uchuF2drUFuthaspAbepE"},{"id":"835d9a8a-7c19-4991-a30a-26e5ccfb47a8","contentKey":"s5s5ejuDru4uchuF2drUFuthaspAbepE"},{"id":"3d0fe1fb-5041-d828-8e71-06decdad6389","contentKey":"s5s5ejuDru4uchuF2drUFuthaspAbepE"},{"id":"f668d0dc-d5ed-44dc-bacc-ad637cbf6d51","contentKey":"s5s5ejuDru4uchuF2drUFuthaspAbepE"},{"id":"2b740077-42d8-4558-8ca0-4d97aaf29b42","contentKey":"s5s5ejuDru4uchuF2drUFuthaspAbepE"},{"id":"2689455b-a49d-42de-8332-a4a547e47c5d","contentKey":"s5s5ejuDru4uchuF2drUFuthaspAbepE"},{"id":"0ab3b771-2891-49f6-bc1b-20d50622e967","contentKey":"s5s5ejuDru4uchuF2drUFuthaspAbepE"},{"id":"06cb8462-5cdd-4194-b7cf-cf00ac572b4c","contentKey":"xV50eozHnUd3mwWiXed584BnnKai0sHV"},{"id":"e9776e85-bd92-45d4-a585-8ce83098dd63","contentKey":"pM7NppJvjpbFoMCepXcxIJWiEr9QHngc"},{"id":"edf14a52-474c-4e26-b038-dc9a37aa530f","contentKey":"s5s5ejuDru4uchuF2drUFuthaspAbepE"},{"id":"9e328eb6-bc9c-4c3c-a064-6062790542ec","contentKey":"s5s5ejuDru4uchuF2drUFuthaspAbepE"},{"id":"b06b4220-1acc-4fcc-a565-433a0516f8e5","contentKey":"hR6OXkSnsjM9ICfnrBymklZL9wqtKLEw"},{"id":"1449959a-b04d-468d-908d-35cb59653b62","contentKey":"s5s5ejuDru4uchuF2drUFuthaspAbepE"},{"id":"c0a49ef3-7da2-4389-8000-acbe859a382d","contentKey":"oT2yCmaWnaK7NeMRNnN0f2WXHn7v2Fy0"},{"id":"2d6fada4-4a15-49f1-880d-908d796b10a6","contentKey":"s5s5ejuDru4uchuF2drUFuthaspAbepE"},{"id":"c42a32ff-f8a5-483f-9e5a-118e0923a21f","contentKey":"s5s5ejuDru4uchuF2drUFuthaspAbepE"},{"id":"5285f7f8-62ab-4a31-949d-bfd9bcfa9290","contentKey":"uJ9xlMFuvkAEUckYMnncoO9vYPZxxJWu"},{"id":"c6535f68-eebc-4766-aced-857f06da2f33","contentKey":"gG8Yap6fffANG3EMBMdW0G2yFvksYoyU"},{"id":"48249adc-a540-4e53-851f-2d16c6fd5319","contentKey":"sK0bqfwiAXpNMrz3v6h9yfWN0T7viuN1"},{"id":"77b8d4c7-4e60-4605-ba26-9796cf8ff6ec","contentKey":"s5s5ejuDru4uchuF2drUFuthaspAbepE"},{"id":"951c9df6-5638-43d2-9a98-33b2afcfa6a9","contentKey":"lT5F2YfY6ose3z4Zf1edYBRixGQoG8JF"},{"id":"b997bab8-ebba-4a68-ae23-6daa6ef9799f","contentKey":"s5s5ejuDru4uchuF2drUFuthaspAbepE"},{"id":"0058041a-67e0-4c76-b6f9-04b506433829","contentKey":"wQ6UMIiKQGNJJ18pN9rZarpbWiYwcESP"},{"id":"ce63a694-7198-491d-bb0a-7aaff2fd3762","contentKey":"s5s5ejuDru4uchuF2drUFuthaspAbepE"},{"id":"aadc1f0a-bb77-4fe0-9248-86ef446cb584","contentKey":"s5s5ejuDru4uchuF2drUFuthaspAbepE"},{"id":"1507d90f-f020-48d6-afea-341f1f430277","contentKey":"HW5eTEbbQocvX1hq2XvA65eGqHYLnaWy"},{"id":"fe1d084c-458b-42be-ac86-ff8c5814703a","contentKey":"s5s5ejuDru4uchuF2drUFuthaspAbepE"},{"id":"29790596-9786-4a41-ad5f-249bf53f9fde","contentKey":"pA3cVMtuCjkvW38PbhvFO1snh9VidLQe"},{"id":"d3f7733c-865b-41a0-93aa-bf9f6a4c60b0","contentKey":"s5s5ejuDru4uchuF2drUFuthaspAbepE"},{"id":"48c0a749-419f-4cd6-890a-0b894e2758c5","contentKey":"cS4AQ1Pm5BrPrXeRe1Vf6IayKOiL31G5"},{"id":"7e554f56-5f37-4340-b9ad-d616dfcf4bb4","contentKey":"s5s5ejuDru4uchuF2drUFuthaspAbepE"},{"id":"d3a694b5-4102-67b3-d574-d6b44fbd806c","contentKey":"uT4gIim4VtiGqqTbnsX1dTj4QUYvtIRI"},{"id":"55eb720a-3863-4c65-8d1f-4de4bc5d726f","contentKey":"s5s5ejuDru4uchuF2drUFuthaspAbepE"},{"id":"027e33dc-929d-4141-86f8-951059fa3012","contentKey":"s5s5ejuDru4uchuF2drUFuthaspAbepE"},{"id":"e982ea21-1b3e-49b2-b96e-16c48419bd93","contentKey":"s5s5ejuDru4uchuF2drUFuthaspAbepE"},{"id":"6a49ca3b-13c2-49ea-9582-e57d6492fbf3","contentKey":"s5s5ejuDru4uchuF2drUFuthaspAbepE"},{"id":"9ba7f17b-d76a-481d-b4dd-bab51d43aacc","contentKey":"qB7qGRU8l85aXfu6pgRO6iyQZKIGVZY9"},{"id":"38b6f2f1-dc9b-4a6d-8536-4dcef0da3a4c","contentKey":"s5s5ejuDru4uchuF2drUFuthaspAbepE"},{"id":"39ff8720-c587-4498-ba8a-97ae6d5eb9f7","contentKey":"s5s5ejuDru4uchuF2drUFuthaspAbepE"},{"id":"d93102b3-68fc-422f-841f-c11d12643458","contentKey":"FXH48x7TuwsoiQvdAEF4VKUpHcT74ZLr"},{"id":"e53e6a9f-aebb-4e43-3127-941114874f40","contentKey":"s5s5ejuDru4uchuF2drUFuthaspAbepE"},{"id":"4d0834d9-9747-43f3-9b36-4cc8560954a5","contentKey":"s5s5ejuDru4uchuF2drUFuthaspAbepE"},{"id":"06430045-1361-40aa-927b-95c20940d4d9","contentKey":"s5s5ejuDru4uchuF2drUFuthaspAbepE"},{"id":"2ce064d4-a6fc-4f06-7b5d-7c57bf788bd7","contentKey":"s5s5ejuDru4uchuF2drUFuthaspAbepE"},{"id":"9650b600-e4d8-4094-bc64-0664a4d176fe","contentKey":"s5s5ejuDru4uchuF2drUFuthaspAbepE"},{"id":"32530c77-5dc3-4fc7-a577-60cecb0755f9","contentKey":"kO6zqAXtFns3CTxVMoBx59YTIKzCvA80"},{"id":"ba59630e-8682-6cf4-7e56-9cb35e053f5c","contentKey":"oP0GL78LkBnfyHKKRVpzhtsB12EVh68p"},{"id":"cf766ec8-724e-46bf-9152-576dbcbbcfd2","contentKey":"wB0QELUevuePqedjzmCf5qYhxp2XauYO"},{"id":"31dbacb1-089e-48e8-9235-a9abb97914c0","contentKey":"FEWK6FLPqJj6e3vtCdc7mG5aoaBYqguT"},{"id":"80f75838-d759-4a08-ba5c-8772d97e0178","contentKey":"s5s5ejuDru4uchuF2drUFuthaspAbepE"},{"id":"a6133992-a64c-4393-b1e9-d8d841cc9601","contentKey":"rT9B7SBoaQKtCBdeZrQSotesoNSwi0j3"},{"id":"8e14c7d0-75f2-4b68-bb30-95935d564693","contentKey":"s5s5ejuDru4uchuF2drUFuthaspAbepE"},{"id":"abcec69a-359c-49d4-8b2d-d1a30a320c7a","contentKey":"s5s5ejuDru4uchuF2drUFuthaspAbepE"},{"id":"e2a5a059-655a-404a-80bc-9a768bc988a8","contentKey":"s5s5ejuDru4uchuF2drUFuthaspAbepE"},{"id":"b15644c1-669c-4d56-99ed-399136be9d52","contentKey":"s5s5ejuDru4uchuF2drUFuthaspAbepE"},{"id":"a13c4602-7fd4-4292-9d3e-6ef5e3f2fcf2","contentKey":"eX0tNTxYNPHxdXdaPkuJ3PbH7AHojf7x"},{"id":"fcca77b7-dca3-465d-b1cb-1a033f85954a","contentKey":"bS0kAK3IsbBGCHGGn2s7M8wiIpXBvU97"},{"id":"4e00f234-fd16-4385-b057-8da04c22c472","contentKey":"lP56NNxPS64hUzP7XAYR48QHEYG6CwiS"},{"id":"9894ad04-25ff-11eb-adc1-0242ac120002","contentKey":"vV7yC0ZTrJAX1WSVrJ2bLilnK3w0lqgo"},{"id":"d7ee086a-aeb1-48bd-b776-03695d6a1642","contentKey":"s5s5ejuDru4uchuF2drUFuthaspAbepE"},{"id":"a7f0a3d3-07f3-4bda-8b05-20c477cbb71e","contentKey":"lQ0tQPGeusnzXuqxBAinTPtMyG63k0el"},{"id":"30b3de6a-8e49-11ea-bc55-0242ac130003","contentKey":"oU3r7HlA5rI8FfBflNOut2gFjm2a1gyv"},{"id":"46204857-592c-4f55-a584-318b983b97e2","contentKey":"s5s5ejuDru4uchuF2drUFuthaspAbepE"},{"id":"f1acd9c8-99eb-4d8c-9f46-5dc654fa4780","contentKey":"s5s5ejuDru4uchuF2drUFuthaspAbepE"},{"id":"4943e168-fc29-52b9-796f-1481a0e361f8","contentKey":"s5s5ejuDru4uchuF2drUFuthaspAbepE"},{"id":"0d16b34a-51ad-475f-a1e0-6ead8d78acd2","contentKey":"s5s5ejuDru4uchuF2drUFuthaspAbepE"},{"id":"cd837b20-a69d-4806-be40-122381ddaeb2","contentKey":"s5s5ejuDru4uchuF2drUFuthaspAbepE"},{"id":"0f595c65-1675-4567-a993-122f34678a21","contentKey":"s5s5ejuDru4uchuF2drUFuthaspAbepE"},{"id":"adf32d5a-756a-11eb-9439-0242ac130002","contentKey":"s5s5ejuDru4uchuF2drUFuthaspAbepE"},{"id":"57818eba-901d-40b3-a188-7564183cd996","contentKey":"s5s5ejuDru4uchuF2drUFuthaspAbepE"},{"id":"22c2b590-a50f-4c85-8039-aed983619a4b","contentKey":"s5s5ejuDru4uchuF2drUFuthaspAbepE"},{"id":"54d90641-e6b0-4129-8170-74a1d8934adf","contentKey":"s5s5ejuDru4uchuF2drUFuthaspAbepE"},{"id":"3c3d4eba-ae7b-489a-8bca-f413dfe75cf9","contentKey":"jQ450V3g3mGwcAuTKAzcOpBUtUKmsR4i"},{"id":"536d8934-3f9b-4965-93d7-3bcee3831af7","contentKey":"s5s5ejuDru4uchuF2drUFuthaspAbepE"},{"id":"1d51d27b-cc5e-48c0-b30c-5449a4925f73","contentKey":"s5s5ejuDru4uchuF2drUFuthaspAbepE"},{"id":"21180787-8069-48da-af03-309843808be1","contentKey":"qS5bhyrcuwMrZLe2dHZ32Man3q22oHeT"},{"id":"3c475341-0cba-d82d-6e7d-34cc905d188c","contentKey":"s5s5ejuDru4uchuF2drUFuthaspAbepE"},{"id":"da1e8fd2-50ce-43c0-a462-bc8d7268cff2","contentKey":"s5s5ejuDru4uchuF2drUFuthaspAbepE"},{"id":"2ae27f62-7f9a-4fbc-88a1-16c879731954","contentKey":"cZ79wwXa9z7bzFTrSqayZzCJB6LU87So"},{"id":"a48c24fc-a195-4362-a92f-ee11fe3aee58","contentKey":"s5s5ejuDru4uchuF2drUFuthaspAbepE"},{"id":"797e2fa2-9277-4647-aae2-e5ed1388022d","contentKey":"s5s5ejuDru4uchuF2drUFuthaspAbepE"},{"id":"dbc41caa-7f88-4936-bcfa-e360588d691a","contentKey":"s5s5ejuDru4uchuF2drUFuthaspAbepE"},{"id":"0a533901-fb15-44da-9f46-dc81d18335e0","contentKey":"cY3jtSMlrjlNMV3Xww2zz2ubuJe61vBw"},{"id":"18a4fe55-bf14-447f-8e26-c44819f4cbc7","contentKey":"cI0PG4LurVLQeWqS36cKxPHnKzToTHPJ"},{"id":"642577e6-5083-4250-8be0-57dc700bc8c4","contentKey":"s5s5ejuDru4uchuF2drUFuthaspAbepE"},{"id":"f4f46c80-fa54-4efe-91b6-dc7225eaa237","contentKey":"mX3fAdcAHRIndAJbtef4RQLeR6bgrzLn"},{"id":"18219eb4-d96f-4b8b-999a-6cbd1b65c58d","contentKey":"s5s5ejuDru4uchuF2drUFuthaspAbepE"},{"id":"22c91934-14f2-3894-9440-06b3618246ec","contentKey":"s5s5ejuDru4uchuF2drUFuthaspAbepE"},{"id":"0bfc822b-895d-4988-9c55-8f43e251be2d","contentKey":"s5s5ejuDru4uchuF2drUFuthaspAbepE"},{"id":"98d35fe6-93c9-485f-ba6b-d36ef9849fef","contentKey":"s5s5ejuDru4uchuF2drUFuthaspAbepE"},{"id":"400d9e90-9359-42ff-86c6-3de6dbdfff86","contentKey":"s5s5ejuDru4uchuF2drUFuthaspAbepE"},{"id":"1957774a-878e-46dc-a882-f4a4bcc82727","contentKey":"s5s5ejuDru4uchuF2drUFuthaspAbepE"},{"id":"60096b07-d428-4f34-aca7-d79216e6bcb6","contentKey":"iM7yGNbk5HmmAshNN5kNXe8UVMVNKPGs"},{"id":"3e81feca-329b-4f20-9683-bc3f7c2a69da","contentKey":"UCfVaS2wgAEJdwiAjsAp8w9esEMPr12G"},{"id":"3ece8793-b8ed-4195-a72a-97cbe288c059","contentKey":"s5s5ejuDru4uchuF2drUFuthaspAbepE"},{"id":"8df76c97-83ce-43c7-a332-e35a16e24795","contentKey":"s5s5ejuDru4uchuF2drUFuthaspAbepE"},{"id":"5a7b957b-d9ef-fbef-a0ee-16c3234f991f","contentKey":"s5s5ejuDru4uchuF2drUFuthaspAbepE"},{"id":"e251e1f3-300e-47de-a0d5-bf944026ecbf","contentKey":"s5s5ejuDru4uchuF2drUFuthaspAbepE"},{"id":"548eb008-a8b3-4255-a999-7e5a0290a459","contentKey":"s5s5ejuDru4uchuF2drUFuthaspAbepE"},{"id":"3babf7db-e52a-472b-843d-6150998bb94a","contentKey":"s5s5ejuDru4uchuF2drUFuthaspAbepE"},{"id":"b0629b24-1fd8-4ce7-b07e-5392850c0c78","contentKey":"qW5w9hbSBSRkhrJ6Fvma5xzAS8bHB5Lc"},{"id":"ecd24408-e83a-7a19-8c90-e4270852f9b6","contentKey":"s5s5ejuDru4uchuF2drUFuthaspAbepE"},{"id":"6faa820c-b1c6-4954-be03-dfca5f7ef89e","contentKey":"s5s5ejuDru4uchuF2drUFuthaspAbepE"},{"id":"2a71e327-6121-49e8-8f69-6eb448875fcc","contentKey":"s5s5ejuDru4uchuF2drUFuthaspAbepE"},{"id":"1d6802ca-3358-48c0-a401-659f56412f78","contentKey":"fT97QgVnZGUy8gApMzjKUfo5hwTn2B2f"},{"id":"d2466a9f-62cb-42d8-9b92-b21ea119b6e3","contentKey":"wY51ij6CsHi6sndfJW7TnhWtL74cxg8h"},{"id":"5e83cd03-60a5-4512-b01e-6625aa786ba7","contentKey":"s5s5ejuDru4uchuF2drUFuthaspAbepE"},{"id":"92355866-6a18-4ee9-b4e2-931f164fea6d","contentKey":"mY0iAwB1zqrgBuzNWt6IhClEnJFdHn1E"},{"id":"9624b609-1031-4d5e-a7e8-0a2f11661397","contentKey":"s5s5ejuDru4uchuF2drUFuthaspAbepE"},{"id":"e96363b8-b7a0-48f6-a5aa-a8f17c7d6866","contentKey":"uU2FLBqOy6TIXN8BlXplbfbydvOOfH6z"},{"id":"94604d67-e6a6-4c7e-b609-00cbbd231543","contentKey":"s5s5ejuDru4uchuF2drUFuthaspAbepE"},{"id":"74907e2f-4b00-49cd-bbec-1fe133dc1f95","contentKey":"s5s5ejuDru4uchuF2drUFuthaspAbepE"},{"id":"eed6203f-eeda-4d48-9ac8-443cc760fe6a","contentKey":"jU9dscbyyqxH5iE9L9A7JVnW83g6ijCO"},{"id":"a287bb79-628a-42c2-ab5a-1a434f22e87a","contentKey":"s5s5ejuDru4uchuF2drUFuthaspAbepE"},{"id":"0280e68c-5a1d-4404-b827-4e1d02e47975","contentKey":"s5s5ejuDru4uchuF2drUFuthaspAbepE"},{"id":"db5c59cf-db04-4e32-93d1-15749e8cc8f5","contentKey":"s5s5ejuDru4uchuF2drUFuthaspAbepE"},{"id":"662ea79d-a49e-49c4-b31c-66eb2ba1a9c6","contentKey":"s5s5ejuDru4uchuF2drUFuthaspAbepE"},{"id":"38d80051-c961-4cb9-aad9-06768bfc09c6","contentKey":"s5s5ejuDru4uchuF2drUFuthaspAbepE"},{"id":"a1281bf9-93f2-46f8-8e48-f082e2883878","contentKey":"s5s5ejuDru4uchuF2drUFuthaspAbepE"},{"id":"5b203ae1-82c5-480e-9115-aa1e3e03f31e","contentKey":"s5s5ejuDru4uchuF2drUFuthaspAbepE"},{"id":"b808d223-3e1a-e8d3-968d-c2b84c720841","contentKey":"s5s5ejuDru4uchuF2drUFuthaspAbepE"},{"id":"2cd027b1-ff2d-4acb-b06b-3c5c49b3bd15","contentKey":"SSMYjtZHqUrk5Zc8gNbHs3j5j1tS31NN"},{"id":"1e0b2d35-8fa3-4331-bc5b-fcc536f189d8","contentKey":"fP7NrK6vW6is4mVLhahN0dy3qTzlr1fu"},{"id":"db005e8e-57b4-4655-9e59-406766ba8dc0","contentKey":"s5s5ejuDru4uchuF2drUFuthaspAbepE"},{"id":"42186057-4676-474b-87d6-4c5098dc58a6","contentKey":"xW7to4m88qsHdpLuR18Z66U2sF3fHtHR"},{"id":"3ac2beca-43d8-4dd9-9d5a-93cd022b25e1","contentKey":"fV7GWEjrh0mk2z9axfeFEn7uQ0QwGUaY"},{"id":"321df981-bc71-442c-aa6c-7e184804af71","contentKey":"gZ9A2victLjAa5d9RqRo8h8uHWEyqHYZ"},{"id":"ec082fae-dd4a-49e6-b3f3-7dc5418d4517","contentKey":"s5s5ejuDru4uchuF2drUFuthaspAbepE"},{"id":"60c965be-1edd-40b3-a9ad-52b8ab19a501","contentKey":"s5s5ejuDru4uchuF2drUFuthaspAbepE"},{"id":"10f113b2-7eea-4a22-b26f-d03523b0bea1","contentKey":"s5s5ejuDru4uchuF2drUFuthaspAbepE"},{"id":"db3fd2dd-c51c-4171-918f-1f64d36b6113","contentKey":"tE8c1xoRxPHsYEBSelFIckcXtilaK4tG"},{"id":"adf695ad-c9be-49a3-ac3d-d0117719d593","contentKey":"s5s5ejuDru4uchuF2drUFuthaspAbepE"},{"id":"2d3e2810-496a-4f5e-881a-34e90aed7a02","contentKey":"s5s5ejuDru4uchuF2drUFuthaspAbepE"},{"id":"966785bf-7e28-490e-a2aa-822798c31a58","contentKey":"xU6jQhH0yHHwCMeM3guhjSY8QXscM9px"},{"id":"5e6c2cab-d443-462c-a955-ad3d650108ae","contentKey":"s5s5ejuDru4uchuF2drUFuthaspAbepE"},{"id":"65b3c42f-3d43-4282-ac6a-934770410307","contentKey":"s5s5ejuDru4uchuF2drUFuthaspAbepE"},{"id":"0e728233-acbc-47e8-83c5-9a213d6f0ad9","contentKey":"s5s5ejuDru4uchuF2drUFuthaspAbepE"},{"id":"8e3d36a5-9629-45e7-b76a-e73273a6558b","contentKey":"s5s5ejuDru4uchuF2drUFuthaspAbepE"},{"id":"0cb7bbda-911f-430c-a9f3-4807108b7de8","contentKey":"bZ0erkt974Bi7nYmxzRkQSdSW6Jl42bb"},{"id":"e8867d02-9cbb-470c-9f11-70f890c8857a","contentKey":"vT43N0Angfr6y5toO7cvc361Qur2LRVp"},{"id":"01f78b1b-25e3-4d26-b244-aaac69ccfe20","contentKey":"s5s5ejuDru4uchuF2drUFuthaspAbepE"},{"id":"0fffa8d7-d9cd-4fc1-838c-3e4d3e5ae5f5","contentKey":"s5s5ejuDru4uchuF2drUFuthaspAbepE"},{"id":"11a86da0-b9da-4f54-b2cb-9ea890a96d5f","contentKey":"s5s5ejuDru4uchuF2drUFuthaspAbepE"},{"id":"9caf933f-ad58-43a6-8de0-0ce8faa4941c","contentKey":"s5s5ejuDru4uchuF2drUFuthaspAbepE"},{"id":"13a86e1b-a478-4375-9b16-424b1671ee91","contentKey":"s5s5ejuDru4uchuF2drUFuthaspAbepE"},{"id":"a9396dff-9629-43fa-b7f7-4e885ab258fd","contentKey":"s5s5ejuDru4uchuF2drUFuthaspAbepE"},{"id":"e0a89481-6f48-46b7-9fe4-5d0289e8c909","contentKey":"s5s5ejuDru4uchuF2drUFuthaspAbepE"},{"id":"392a42b5-bf0d-4b9b-b9fe-1fc5c4e37bf5","contentKey":"s5s5ejuDru4uchuF2drUFuthaspAbepE"},{"id":"2cb95086-46cc-41cb-b646-c9dfe8f5419f","contentKey":"s5s5ejuDru4uchuF2drUFuthaspAbepE"},{"id":"93eb3445-dd1c-4f80-bd61-43d36216cfab","contentKey":"s5s5ejuDru4uchuF2drUFuthaspAbepE"},{"id":"3e8a94e3-f33e-4a11-b70b-245a955928a1","contentKey":"s5s5ejuDru4uchuF2drUFuthaspAbepE"},{"id":"8fc788ae-8822-490d-8259-eb0247cd7946","contentKey":"s5s5ejuDru4uchuF2drUFuthaspAbepE"},{"id":"456a84d9-db5f-4c00-8a11-eb56d42f1b81","contentKey":"s5s5ejuDru4uchuF2drUFuthaspAbepE"},{"id":"a7eeefe8-e974-49d5-a5dd-70d0aefa97b2","contentKey":"s5s5ejuDru4uchuF2drUFuthaspAbepE"},{"id":"9005dd6b-dd61-4803-96de-51b259025f93","contentKey":"s5s5ejuDru4uchuF2drUFuthaspAbepE"},{"id":"1b8b4670-1efd-4fdf-e1e1-3103c02408ad","contentKey":"s5s5ejuDru4uchuF2drUFuthaspAbepE"},{"id":"d1e0a2a3-c748-4d41-9cf6-780b93e269e9","contentKey":"s5s5ejuDru4uchuF2drUFuthaspAbepE"},{"id":"100a470a-f06a-427a-b62d-168f3ceecf92","contentKey":"lG9zCwIMNy5n1RcVm6hymXe2JefSBbpN"},{"id":"ded4c725-7598-4e04-bd15-0a1b631dd185","contentKey":"s5s5ejuDru4uchuF2drUFuthaspAbepE"},{"id":"2fe98e5b-aa47-4ed6-bc51-39af651dd15b","contentKey":"s5s5ejuDru4uchuF2drUFuthaspAbepE"},{"id":"baef86d9-8f96-449e-82c6-784d7145816d","contentKey":"s5s5ejuDru4uchuF2drUFuthaspAbepE"},{"id":"2d5a1e73-bfe4-4080-a035-6836774a69b9","contentKey":"iM6stHtpgf722qCB9eu9lFaqlWra87U9"},{"id":"5dd0b1d3-687a-4a3e-ba84-3b541fd2575c","contentKey":"jW9z7QH8QU7ZC3pzqg3pOX7VwUA20B1L"},{"id":"d692cb66-6543-4b87-926b-8b585115a2f5","contentKey":"s5s5ejuDru4uchuF2drUFuthaspAbepE"},{"id":"7aa75f98-14c3-4cc9-a616-76238db98687","contentKey":"s5s5ejuDru4uchuF2drUFuthaspAbepE"},{"id":"c52398de-9337-4fd4-ab09-9f1352f8aab7","contentKey":"s5s5ejuDru4uchuF2drUFuthaspAbepE"},{"id":"38e49c0d-91e6-4fd1-a73a-157ae4d6089b","contentKey":"s5s5ejuDru4uchuF2drUFuthaspAbepE"},{"id":"ef67a015-b610-4005-b258-33cd7a4101c0","contentKey":"tK0yiwEKHvjghsZl0XOUkN8rOZx15ziR"},{"id":"6bd4adf5-255a-42b9-9eb1-b947c533c439","contentKey":"s5s5ejuDru4uchuF2drUFuthaspAbepE"},{"id":"623e4534-b098-4e17-a599-61cf3814b9d0","contentKey":"s5s5ejuDru4uchuF2drUFuthaspAbepE"},{"id":"60576d76-787d-4de0-a93a-ed41dbf8c5ec","contentKey":"s5s5ejuDru4uchuF2drUFuthaspAbepE"},{"id":"93d0b55a-40ee-4522-b20b-77a43c2fab42","contentKey":"s5s5ejuDru4uchuF2drUFuthaspAbepE"},{"id":"27e12e10-3cc6-4a48-b430-1d2d5e9061ef","contentKey":"tL9eAeO0ZVHB8b8X0gJrCKj8CvnVCgQR"},{"id":"c754ea1b-3c84-4d7f-b48c-e678aa864ee6","contentKey":"s5s5ejuDru4uchuF2drUFuthaspAbepE"},{"id":"637c4598-ca9c-489e-8e24-264721e62e8f","contentKey":"s5s5ejuDru4uchuF2drUFuthaspAbepE"},{"id":"1e5c0f0f-c8bb-42f3-a3dc-7c3e91a8aa76","contentKey":"s5s5ejuDru4uchuF2drUFuthaspAbepE"},{"id":"d0e4d9ca-895a-4a25-a613-3593d9f2c4f4","contentKey":"s5s5ejuDru4uchuF2drUFuthaspAbepE"},{"id":"0ed0908e-f128-4b82-950f-5997734eeeed","contentKey":"gZ4bkb0KfBOuFt2fMP6E64XxqQteul8u"},{"id":"00675e3d-9893-42a8-a70c-c99402ae75cb","contentKey":"s5s5ejuDru4uchuF2drUFuthaspAbepE"},{"id":"95b78454-306e-46fe-9c32-f13388f42ba4","contentKey":"s5s5ejuDru4uchuF2drUFuthaspAbepE"},{"id":"a5733a0d-a862-4426-ae08-e3c6b08f8d6e","contentKey":"s5s5ejuDru4uchuF2drUFuthaspAbepE"},{"id":"41985276-e02e-4dca-9df6-945750804784","contentKey":"yW5CFNtModJgnbQNCzpKWbQAZWH74XNg"},{"id":"142f8223-2032-4770-b2fc-14eca9658d10","contentKey":"s5s5ejuDru4uchuF2drUFuthaspAbepE"},{"id":"c3be6264-478d-4c75-8aa0-45b4b9dec231","contentKey":"s5s5ejuDru4uchuF2drUFuthaspAbepE"},{"id":"20b39184-e46d-4659-962c-0d351df06aae","contentKey":"2HPHHzA3fbwWagaxak2EyPVA1vGCoATz"},{"id":"de0580d8-8474-4470-92cc-5975d218d9f1","contentKey":"s5s5ejuDru4uchuF2drUFuthaspAbepE"},{"id":"f249064b-ef8d-44d3-b52b-308e392564d2","contentKey":"bU28fnXwt8Z48trdKWmWd6T71mRJ58KN"},{"id":"5554c01a-83da-4b70-a582-94fb0ca48e9d","contentKey":"hT27WZaHw1nTxNSHV7ws328YXx2mhhwp"},{"id":"7ac32d60-de3c-4cb3-9257-27f04e03475f","contentKey":"s5s5ejuDru4uchuF2drUFuthaspAbepE"},{"id":"0603862f-9868-465d-a7f4-96615521cca9","contentKey":"s5s5ejuDru4uchuF2drUFuthaspAbepE"},{"id":"36fd4dea-3f26-11eb-b378-0242ac130002","contentKey":"s5s5ejuDru4uchuF2drUFuthaspAbepE"},{"id":"35c72645-bdbf-4414-97f0-44cf59c25fc3","contentKey":"s5s5ejuDru4uchuF2drUFuthaspAbepE"},{"id":"6f9902a6-48a2-4bb9-9b4e-3ce0eade6691","contentKey":"s5s5ejuDru4uchuF2drUFuthaspAbepE"},{"id":"25a7aaea-82b7-4ca2-bb81-46bf3ea8feaa","contentKey":"s5s5ejuDru4uchuF2drUFuthaspAbepE"},{"id":"9a469a61-c83b-4ba9-b507-bdbe64430582","contentKey":"s5s5ejuDru4uchuF2drUFuthaspAbepE"},{"id":"a1ab14df-2e56-4790-9e71-99ae21f3638f","contentKey":"s5s5ejuDru4uchuF2drUFuthaspAbepE"},{"id":"1e32496a-80e6-4632-87fd-1eaad2fcd024","contentKey":"s5s5ejuDru4uchuF2drUFuthaspAbepE"},{"id":"efc2f0f5-af00-4d9e-a4b1-78f18d63be79","contentKey":"s5s5ejuDru4uchuF2drUFuthaspAbepE"},{"id":"68077113-bb7e-4b1f-9a7e-b2b1c2ccc1bd","contentKey":"s5s5ejuDru4uchuF2drUFuthaspAbepE"},{"id":"ac3914ce-f321-4b13-89bf-5a74990242c8","contentKey":"s5s5ejuDru4uchuF2drUFuthaspAbepE"},{"id":"8b8362a3-cd8c-4f48-9a49-b494659513b6","contentKey":"s5s5ejuDru4uchuF2drUFuthaspAbepE"},{"id":"0a07200a-a970-4d42-8b82-e9867dbb8a80","contentKey":"pP0MtOm4YGduy5kvitLqr6p9MEUAZSyh"},{"id":"bbb2f9bb-4c07-4961-b0f7-909a5e2b2609","contentKey":"yU2Rz0lhRoAtU6JbRrpnA9EldqFZwrZC"},{"id":"b7d9d91f-6772-6ddc-40e1-71b662f5decd","contentKey":"s5s5ejuDru4uchuF2drUFuthaspAbepE"},{"id":"41c2f170-59cc-40dc-8626-5a3f1741e518","contentKey":"s5s5ejuDru4uchuF2drUFuthaspAbepE"},{"id":"29056f54-cd2a-4574-9af3-f8c0bfb8182f","contentKey":"s5s5ejuDru4uchuF2drUFuthaspAbepE"},{"id":"fe478820-079e-449b-98f9-27cf30afa91d","contentKey":"s5s5ejuDru4uchuF2drUFuthaspAbepE"},{"id":"c940d5a1-0a9e-494f-b39f-7c7025ea5498","contentKey":"s5s5ejuDru4uchuF2drUFuthaspAbepE"},{"id":"8cde7bb7-e5ff-45e9-9c57-7f7ffd6f27a9","contentKey":"s5s5ejuDru4uchuF2drUFuthaspAbepE"},{"id":"5fb957e4-b4d9-e603-a5e8-9d0d279ff70d","contentKey":"s5s5ejuDru4uchuF2drUFuthaspAbepE"},{"id":"50eccaaa-1828-453d-a044-3f5d64f69e40","contentKey":"RWY19fW35mqTBaqVYmsRVnGVGNZWgSuK"},{"id":"4389822b-3266-19ab-ca9a-940990076279","contentKey":"s5s5ejuDru4uchuF2drUFuthaspAbepE"},{"id":"46843313-068b-46be-9139-48e458536408","contentKey":"hX0foRThPBwsty4EWAiUaOm3nuG2xY0h"},{"id":"10d31795-6e63-4821-b5b0-899dfb9e1902","contentKey":"s5s5ejuDru4uchuF2drUFuthaspAbepE"},{"id":"a102f9ed-a222-4c0f-8bc0-9c6399ab01a8","contentKey":"s5s5ejuDru4uchuF2drUFuthaspAbepE"},{"id":"8eba8968-4ad4-446c-8717-36c38cae0edb","contentKey":"s5s5ejuDru4uchuF2drUFuthaspAbepE"},{"id":"a6ce0864-e676-43d7-9dad-fcb731e66cf9","contentKey":"s5s5ejuDru4uchuF2drUFuthaspAbepE"},{"id":"81e8c3f1-51cd-4a94-a37e-6f6f4aceb500","contentKey":"s5s5ejuDru4uchuF2drUFuthaspAbepE"},{"id":"136fe27d-4eb3-4564-8c9b-b4130ffbdd3c","contentKey":"s5s5ejuDru4uchuF2drUFuthaspAbepE"},{"id":"d5d44168-c8aa-44d2-90fe-56640ae94757","contentKey":"s5s5ejuDru4uchuF2drUFuthaspAbepE"},{"id":"bdd0b373-b53b-41a9-87d1-5d72de71f27f","contentKey":"fT2x6MTk4In8p24nQjLHrkK6VZe2W289"},{"id":"69f95053-6ee7-42f6-8abb-bcacded51331","contentKey":"mU5Fd7iHPOzAOrGvKTUfMbuHTMmUTHfB"},{"id":"1b576657-e67b-4c54-b440-a6e0e236bab8","contentKey":"s5s5ejuDru4uchuF2drUFuthaspAbepE"},{"id":"1b99b77c-3caa-4aaa-8f79-f79f053e586f","contentKey":"s5s5ejuDru4uchuF2drUFuthaspAbepE"},{"id":"959b4248-cdca-4235-802c-d1d172a55d4e","contentKey":"s5s5ejuDru4uchuF2drUFuthaspAbepE"},{"id":"915ea55d-dd39-45e4-b62a-de7f15bf7ade","contentKey":"RwqFPWrysy4nm2ZmgaLCZw2ufxwboW4Z"},{"id":"75ad0c69-7db0-4d2b-b1a8-1ae8ae8f5037","contentKey":"s5s5ejuDru4uchuF2drUFuthaspAbepE"},{"id":"b10a9679-a626-4092-b5ae-0d56d6c29197","contentKey":"wC0rFX8l6ztWGJeZxo3pitaXIs3K50ql"},{"id":"a70bb068-9ad7-48d9-ba34-136169feb062","contentKey":"s5s5ejuDru4uchuF2drUFuthaspAbepE"},{"id":"3f02d80f-221b-4b1e-8ba3-3397aa9123c8","contentKey":"s5s5ejuDru4uchuF2drUFuthaspAbepE"},{"id":"7c20e926-ce7f-4340-b434-2d6bfee41395","contentKey":"uZ9KlCEmVRTtKlbaOPEbABb2RPu7zCL6"},{"id":"4f0d1f93-9a72-43c6-9b69-0752a0f63984","contentKey":"s5s5ejuDru4uchuF2drUFuthaspAbepE"},{"id":"c52c7e20-7692-3dd0-a68a-bbbbb5b9265f","contentKey":"eK3iA7GcVBIPGfL0bJTS4CVwbRQ3vaGX"},{"id":"eec11e83-4c7b-4c8e-91ab-c37083d4e136","contentKey":"s5s5ejuDru4uchuF2drUFuthaspAbepE"},{"id":"2345d276-643c-4259-82f5-632967410d0a","contentKey":"s5s5ejuDru4uchuF2drUFuthaspAbepE"},{"id":"8089cec2-4849-46b6-ba71-bb0b1e231f0b","contentKey":"hN3HRbiQp3QTjbBuiU4iOIzWNoLaqftO"},{"id":"6da69a20-9d2f-4c29-819e-2ef3a95b8737","contentKey":"s5s5ejuDru4uchuF2drUFuthaspAbepE"},{"id":"492acb44-dfd6-4ab2-b1d7-99914906f650","contentKey":"s5s5ejuDru4uchuF2drUFuthaspAbepE"},{"id":"4ea68884-4a2c-4668-8096-fc29c003df0b","contentKey":"s5s5ejuDru4uchuF2drUFuthaspAbepE"},{"id":"cb54ae1a-ad7c-4c0a-ac6d-b48d8b6fc558","contentKey":"s5s5ejuDru4uchuF2drUFuthaspAbepE"},{"id":"14ed3688-653c-4718-94e0-2908196f6197","contentKey":"gH4hpFcSSKES51CPKpZI5SB4mf0GwNkn"},{"id":"1d49d7c6-3f21-4bb2-9a48-26c00b278b1e","contentKey":"s5s5ejuDru4uchuF2drUFuthaspAbepE"},{"id":"fe8150e0-9f49-49fe-b0b7-21f36e8f468b","contentKey":"s5s5ejuDru4uchuF2drUFuthaspAbepE"},{"id":"1f7cd224-3dee-4b3b-9489-ff3d24ebc998","contentKey":"s5s5ejuDru4uchuF2drUFuthaspAbepE"},{"id":"9ace7cd1-9000-4fc8-ac0b-f742b7816f56","contentKey":"kQ5NZeT6UYKpHmmMELMErU49VwdsZQGv"},{"id":"f16149c7-aae3-46cb-a744-a02131bf898b","contentKey":"eE3vuGSBIAm6ZOq3gUwCOi1YQohYSbJQ"},{"id":"623d14f2-46a4-4314-ae20-4af903ff7f8a","contentKey":"s5s5ejuDru4uchuF2drUFuthaspAbepE"},{"id":"ec485ec2-90da-41d6-9c15-cc4d257aa550","contentKey":"s5s5ejuDru4uchuF2drUFuthaspAbepE"},{"id":"12f99cde-3b8d-4445-b6bf-681a7b153aa1","contentKey":"s5s5ejuDru4uchuF2drUFuthaspAbepE"},{"id":"0dbd36a3-f809-4ba5-862e-c7f8e5b4a0a4","contentKey":"s5s5ejuDru4uchuF2drUFuthaspAbepE"},{"id":"77dfeca1-9d93-47b7-a408-11fea46b4f29","contentKey":"s5s5ejuDru4uchuF2drUFuthaspAbepE"},{"id":"c070952f-30fd-4933-9a11-2fc989c45a90","contentKey":"xW5FsUONnE3lNBkuISs1bj20qC3iULrn"},{"id":"a7af3806-5cf6-4229-9600-3d5df190b33e","contentKey":"s5s5ejuDru4uchuF2drUFuthaspAbepE"},{"id":"37fce880-6765-421d-a59a-ec3265c6ff05","contentKey":"s5s5ejuDru4uchuF2drUFuthaspAbepE"},{"id":"b54a0543-10bc-43af-a21a-f12b76670fc8","contentKey":"s5s5ejuDru4uchuF2drUFuthaspAbepE"},{"id":"d532b9b3-eddc-4f98-96fc-5fe5e227c426","contentKey":"s5s5ejuDru4uchuF2drUFuthaspAbepE"},{"id":"665721b7-c0ba-404b-9f8c-8f49b10ec9ec","contentKey":"qJ0IjgXX1NGsmxLngEIJwaM4ktfKWl2x"},{"id":"a7280ad6-ec0c-40a3-913d-f82df56e4033","contentKey":"zW1BoFFllGBoYEbLsNQx0puJKw7TkVQ4"},{"id":"c1860c27-345c-42f7-9afb-af514c7e51fc","contentKey":"s5s5ejuDru4uchuF2drUFuthaspAbepE"},{"id":"3dd79099-fce3-420f-8070-a9e62dda08c2","contentKey":"Z9aWaer3796yR8FjUcx5QkeZNNPZFbdj"},{"id":"ca714a0a-241f-4bf3-b2dd-d5e16d3aceb8","contentKey":"s5s5ejuDru4uchuF2drUFuthaspAbepE"},{"id":"fc33a34d-7cbf-482e-a8b1-06f2d578018b","contentKey":"bL7AolveBIXQSYuLwK3BmizgivKJ5fpd"},{"id":"7ec80adc-fa12-4f38-bc0c-c58829116112","contentKey":"s5s5ejuDru4uchuF2drUFuthaspAbepE"},{"id":"41dc9f67-2e2e-465e-ae01-9aff66957ff9","contentKey":"F5W4LG11jejmeAt8oC7wBciuXm55Qqa5"},{"id":"6c2a425f-45f6-4636-9219-844876186179","contentKey":"6QgeSWC9iny2ZRRLpQonZWxeG2z18XiE"},{"id":"417784b8-54d9-4ad4-994e-cd7c52ee1ddb","contentKey":"wW9W0jKwpeqiUPugJCyucGynlfrcJ6xK"},{"id":"bdb8333b-c4bc-4bac-b1cb-57d4dabba9d3","contentKey":"s5s5ejuDru4uchuF2drUFuthaspAbepE"},{"id":"c9c271b7-a608-4aa0-889e-a174d90fdfd0","contentKey":"lU7uTQ8z3kYgNwmmJ4eev7suEbbAskyz"},{"id":"382fd00a-3fff-4d02-9338-25ec36284c61","contentKey":"s5s5ejuDru4uchuF2drUFuthaspAbepE"},{"id":"f3be484f-7558-46b9-9109-5d1306b178bf","contentKey":"jG6RhzYiMuUTP88aeOqkIjS3sVs2tru4"},{"id":"4e7d7b16-ee2c-4485-bdfb-c297208e16cf","contentKey":"s5s5ejuDru4uchuF2drUFuthaspAbepE"},{"id":"f33b4ca2-658d-4b1b-9397-162d547ba3c3","contentKey":"s5s5ejuDru4uchuF2drUFuthaspAbepE"},{"id":"831ef4ea-943c-4084-8a63-e9a0a615c766","contentKey":"s5s5ejuDru4uchuF2drUFuthaspAbepE"},{"id":"2f3bb11d-7df5-4ddc-b47b-316f6e86ba84","contentKey":"xL2qghaTeMsYg5KeaY2RylN6HTVFNWoq"},{"id":"9fe40bb1-5bc5-4205-ba9c-8e454e929c4a","contentKey":"s5s5ejuDru4uchuF2drUFuthaspAbepE"},{"id":"12f8d121-fa59-4f4b-ac33-31d82563d89b","contentKey":"fU1fE48LzyBTjmjzZHMQfFvqYISArM0v"},{"id":"5829f61a-e7c1-49d8-9be5-98436c438691","contentKey":"lF2yCPEiafvda6hEgRnYis9ha7L7ZdET"},{"id":"c952ae44-a32e-4c74-9c18-33bc66cb2c65","contentKey":"s5s5ejuDru4uchuF2drUFuthaspAbepE"},{"id":"7cec98d8-55cc-44fe-b0ae-2672b0b2bd37","contentKey":"s5s5ejuDru4uchuF2drUFuthaspAbepE"},{"id":"9c5cfb26-1dd7-4625-9f86-5014e9964840","contentKey":"kM7L8zuRWHxcvVsnPubf8o6txm1pe4fz"},{"id":"345abd3b-77fc-477c-8027-3e20f08b3bb2","contentKey":"iW7nPc6kuScxN7zgtrCvidAF1BnWWzrY"},{"id":"383915a4-9a20-4a79-8be1-898898ae287b","contentKey":"s5s5ejuDru4uchuF2drUFuthaspAbepE"},{"id":"d77b8561-ee41-4c0b-a6c9-8605d9d74077","contentKey":"s5s5ejuDru4uchuF2drUFuthaspAbepE"},{"id":"e01baf7c-e25b-4ea9-a904-1b6b33129da0","contentKey":"s5s5ejuDru4uchuF2drUFuthaspAbepE"},{"id":"23dceaa6-f532-49bd-a45a-a6f16fe7a934","contentKey":"s5s5ejuDru4uchuF2drUFuthaspAbepE"},{"id":"9edd0d6e-8db1-4d47-9fb9-a4c55ffde743","contentKey":"s5s5ejuDru4uchuF2drUFuthaspAbepE"},{"id":"88842b02-3e23-437b-814f-a3630d76f78d","contentKey":"s5s5ejuDru4uchuF2drUFuthaspAbepE"},{"id":"237ae02c-fcaf-496d-a8e7-7f01d3ccf2d1","contentKey":"s5s5ejuDru4uchuF2drUFuthaspAbepE"},{"id":"5b0c469f-ecbb-4577-b3dc-d540f4ae393f","contentKey":"s5s5ejuDru4uchuF2drUFuthaspAbepE"},{"id":"e60ac654-7c41-45fc-bb16-8d128be40d05","contentKey":"s5s5ejuDru4uchuF2drUFuthaspAbepE"},{"id":"455fa920-bf48-4db3-bb32-1c87d573b7e6","contentKey":"s5s5ejuDru4uchuF2drUFuthaspAbepE"},{"id":"f2c9ef8d-690b-41df-9682-d85225774b77","contentKey":"s5s5ejuDru4uchuF2drUFuthaspAbepE"},{"id":"69afd52e-1e29-4617-81a9-44ce1157ce8a","contentKey":"hBNNcM6Pc4rW5QM28v64ewtEBb6hhhRX"},{"id":"af67ae34-97dd-4406-aae2-d8abe0139765","contentKey":"s5s5ejuDru4uchuF2drUFuthaspAbepE"},{"id":"82044623-f69a-4231-a8b6-fb6c12b97eea","contentKey":"s5s5ejuDru4uchuF2drUFuthaspAbepE"},{"id":"9435b3a0-a782-4c5d-9c42-91579fba5ac0","contentKey":"s5s5ejuDru4uchuF2drUFuthaspAbepE"},{"id":"128b3f0a-d8e6-4113-b820-a24c0bf56bdf","contentKey":"s5s5ejuDru4uchuF2drUFuthaspAbepE"},{"id":"260ccccb-60aa-4c4e-b0df-701f7cd2c353","contentKey":"hQ5FCxu0XQlFjARtmdpMr7AuMA1kxEWT"},{"id":"44d94e66-d1e2-4936-b3e7-6df75905dae9","contentKey":"s5s5ejuDru4uchuF2drUFuthaspAbepE"},{"id":"15510e09-b207-4439-aae3-c26300c653ff","contentKey":"s5s5ejuDru4uchuF2drUFuthaspAbepE"},{"id":"ac00eb33-76f9-4cbc-b9c9-beffe05917da","contentKey":"s5s5ejuDru4uchuF2drUFuthaspAbepE"},{"id":"c734a32e-6a44-4319-8801-7fbafa762683","contentKey":"s5s5ejuDru4uchuF2drUFuthaspAbepE"},{"id":"b80ec112-891e-43d6-842c-dba87c6bcb4d","contentKey":"s5s5ejuDru4uchuF2drUFuthaspAbepE"},{"id":"86b34976-8f41-475b-a386-385080dc6e83","contentKey":"s5s5ejuDru4uchuF2drUFuthaspAbepE"},{"id":"6ec9a3ee-d3ee-4e4b-be36-9c1d9ee38f85","contentKey":"yZ8kj1It1w1lHCLta0XHcLVhupQzBhYN"},{"id":"1686c17f-be5d-48fb-a84a-cfcab9ad60a5","contentKey":"s5s5ejuDru4uchuF2drUFuthaspAbepE"},{"id":"cd8f94c8-a72d-4ea6-a79e-dabfc3e0f754","contentKey":"s5s5ejuDru4uchuF2drUFuthaspAbepE"},{"id":"df730bc8-f6fc-489c-b8cf-24f3d222901a","contentKey":"s5s5ejuDru4uchuF2drUFuthaspAbepE"},{"id":"8119fe04-34fe-413e-9b6a-f62bd85caee9","contentKey":"s5s5ejuDru4uchuF2drUFuthaspAbepE"},{"id":"743b1203-43e1-4060-a087-88b731326761","contentKey":"s5s5ejuDru4uchuF2drUFuthaspAbepE"},{"id":"f3868730-8f35-46a3-b3bb-c42afae4218f","contentKey":"s5s5ejuDru4uchuF2drUFuthaspAbepE"},{"id":"fe232f40-c99a-4063-92b7-e5b582a2cb58","contentKey":"s5s5ejuDru4uchuF2drUFuthaspAbepE"},{"id":"fafce622-beaf-4c25-9ac5-f1f235647e1e","contentKey":"s5s5ejuDru4uchuF2drUFuthaspAbepE"},{"id":"407b2bc1-9c4e-4364-ad2f-da2f324dd9e3","contentKey":"s5s5ejuDru4uchuF2drUFuthaspAbepE"},{"id":"9b03ca5f-a5c5-4c60-9ed9-3f91c63f65fc","contentKey":"s5s5ejuDru4uchuF2drUFuthaspAbepE"},{"id":"6fa1c79c-1966-4abf-a990-eb1be4825fad","contentKey":"AxE6xrWYQZ6AeeNhCYo6ztgWcwXsc4cv"},{"id":"952c4ddf-623c-4fc6-9e41-b19a6ac8e365","contentKey":"s5s5ejuDru4uchuF2drUFuthaspAbepE"},{"id":"39fa1d65-b3ca-4726-b9e0-f3d2a404e5a4","contentKey":"s5s5ejuDru4uchuF2drUFuthaspAbepE"},{"id":"189c2a34-d503-4ba5-8143-4301671e7a3f","contentKey":"s5s5ejuDru4uchuF2drUFuthaspAbepE"},{"id":"66fefe69-2a9d-4d8a-962f-cd3d6d33478e","contentKey":"s5s5ejuDru4uchuF2drUFuthaspAbepE"},{"id":"fdfa9884-9fc7-4d9f-88e8-9b6d3c2fdf31","contentKey":"s5s5ejuDru4uchuF2drUFuthaspAbepE"},{"id":"56dc37ad-6dea-4e8e-9e1a-8ed48e4bf475","contentKey":"gf1Gc7WjTKLfr7mzsu3dr1CUviN5T4wY"},{"id":"4bad418d-89f1-8ed4-3af6-5b3843751748","contentKey":"s5s5ejuDru4uchuF2drUFuthaspAbepE"},{"id":"408aacb1-d334-470b-9101-e850e74e3bf6","contentKey":"s5s5ejuDru4uchuF2drUFuthaspAbepE"},{"id":"de4fec8c-5a1d-4c69-9328-79ee6bbacfee","contentKey":"s5s5ejuDru4uchuF2drUFuthaspAbepE"},{"id":"3a5eb037-61a6-492f-852b-501378114f9a","contentKey":"s5s5ejuDru4uchuF2drUFuthaspAbepE"},{"id":"1dde574b-2b4d-48e6-951e-d135093bcdc9","contentKey":"QxY5xE9oueabNUqfN8jpmwnSrrWFTnRY"},{"id":"739c31fa-ff8f-4ef7-b72d-79be415681e5","contentKey":"nP9zL7pBaXoWoqdNqLCGBJJXeTFRNbba"},{"id":"f4329928-c471-4004-a831-cfc720ff2aae","contentKey":"vF0OLtgzORAJ0lA5A5MWRpv66RnaEtTe"},{"id":"ce0a2869-739d-45f8-8d39-83fc42b42d4b","contentKey":"s5s5ejuDru4uchuF2drUFuthaspAbepE"},{"id":"a925cd99-4611-4fb6-aefa-2e0a649fa6f4","contentKey":"s5s5ejuDru4uchuF2drUFuthaspAbepE"},{"id":"e02eb687-0fca-4c7f-9fa1-753e96122eac","contentKey":"s5s5ejuDru4uchuF2drUFuthaspAbepE"},{"id":"fe548b64-7db1-4eb0-8e3b-d95cfc2969df","contentKey":"qO47ZW7KhTTsam21kkULGUpyuKCJ0sjr"},{"id":"5e1cb042-d516-4db9-8766-6debd78e57c3","contentKey":"s5s5ejuDru4uchuF2drUFuthaspAbepE"},{"id":"3f352d19-ef74-4908-8660-7f186f78d056","contentKey":"s5s5ejuDru4uchuF2drUFuthaspAbepE"},{"id":"9e89e533-a804-71da-997e-6ecbefaabaff","contentKey":"s5s5ejuDru4uchuF2drUFuthaspAbepE"},{"id":"377e173c-7cf8-4f73-a379-1cb1ef4c7fda","contentKey":"s5s5ejuDru4uchuF2drUFuthaspAbepE"},{"id":"141d261c-72fd-44a4-95b6-27fce4bc3663","contentKey":"s5s5ejuDru4uchuF2drUFuthaspAbepE"},{"id":"77ec19a0-c0c0-4d2e-9fa0-d3bfdc69d665","contentKey":"s5s5ejuDru4uchuF2drUFuthaspAbepE"},{"id":"abfcab1a-19fe-4564-b4ed-ffbda4a77690","contentKey":"pnPGBqhnz7xjFcM59MzrSUSgcddnCAvq"},{"id":"4f09a032-cf8e-47fe-9d27-d105b91ba9d2","contentKey":"fV8OIPmB5V83BHA2KsotPuLGoM4ei5oa"},{"id":"6c9af759-7e5a-4203-9300-0cff87e2cb39","contentKey":"s5s5ejuDru4uchuF2drUFuthaspAbepE"},{"id":"088eac5b-9b09-476d-a0fb-9a68bc661c58","contentKey":"A5E6FC1RqIDTKwUR4XC9L5Ql5MbB60wt"},{"id":"a78f4e9e-5625-49e2-9643-0c407cdc4712","contentKey":"s5s5ejuDru4uchuF2drUFuthaspAbepE"},{"id":"dd1b606d-f264-496e-93c5-e71bf47c36fb","contentKey":"s4MJBPDqeSd7YwYPdNLY1ncOlUXVgyHY"},{"id":"328b1934-0180-4c1c-a956-b01b95a12666","contentKey":"s5s5ejuDru4uchuF2drUFuthaspAbepE"},{"id":"0c513bf1-2ad4-469f-ac7b-f41be38b1b06","contentKey":"Zgo8sYxqpVkFPv7L7vNs7RUKCkpAtmHH"},{"id":"19f7c3b1-5623-4c6c-b083-8fffca44b64b","contentKey":"oH0GHFUe1CjkQkrObVs91iXSpai2bBPy"},{"id":"42ae66b4-d3db-49be-8dd8-207a0cade6d8","contentKey":"s5s5ejuDru4uchuF2drUFuthaspAbepE"},{"id":"afef6035-74c3-4c32-9c31-33853cad886e","contentKey":"s5s5ejuDru4uchuF2drUFuthaspAbepE"},{"id":"de3f696f-3628-49b4-bf1f-3c6bf89973cc","contentKey":"s5s5ejuDru4uchuF2drUFuthaspAbepE"},{"id":"880f5304-f8ca-4787-817b-6a2e6fb44688","contentKey":"s5s5ejuDru4uchuF2drUFuthaspAbepE"},{"id":"92486067-d940-4b98-949d-0a37de6439c4","contentKey":"s5s5ejuDru4uchuF2drUFuthaspAbepE"},{"id":"85afc694-cb49-47dd-acfb-57058296853a","contentKey":"zX4M5eLv9vegR9AGwnvuwYyARF57Myhc"},{"id":"176ecd3e-daec-40a2-80c8-c1674a5b6c67","contentKey":"GTYd1WymnucaxUmr8jpJEUTeTvFUnoU2"},{"id":"bdb8be44-fafd-4693-9485-ab5b57a61eb5","contentKey":"s5s5ejuDru4uchuF2drUFuthaspAbepE"},{"id":"52565aab-1277-48a0-9651-ca300c88521a","contentKey":"s5s5ejuDru4uchuF2drUFuthaspAbepE"},{"id":"3bda48d5-a443-4bef-862f-8a7892bb5492","contentKey":"aC2RJuKXO7dhlZ2nRM1NmCQrmovMjwNW"},{"id":"7cfdfbaa-9c00-49d1-9b8b-5966a96580aa","contentKey":"s5s5ejuDru4uchuF2drUFuthaspAbepE"},{"id":"cf89d197-cdcf-47e3-80e4-7a6d01426236","contentKey":"8NOVmLhrDeVn9XCO8FLku7tbZkaIJjGI"},{"id":"c1b9a5ea-d9a0-333c-9486-c6f2edbf712e","contentKey":"yV0EJnhGZtl0bh78spikELCSSbcGCWEc"},{"id":"aa8b5eed-d104-4498-8037-5ffb8a3ecdd9","contentKey":"TqRdzjyeKWd2Z78ba5yCjJkKmMHUGw62"},{"id":"f3bf87a7-875c-49be-adad-5eec1407bfef","contentKey":"uT5zJidso339h2lgdekRRFdhw3STNYRR"},{"id":"86dc1347-eb0c-4a3f-b9c2-9f618e1cb715","contentKey":"vmkNHIWHLElwBiipbeUQHYDxdtMrAuhy"},{"id":"ef479b6d-7072-47aa-8985-0f025cd24cdb","contentKey":"s5s5ejuDru4uchuF2drUFuthaspAbepE"},{"id":"98330b0a-2c79-4d30-b9c8-136098340edc","contentKey":"wt3q5wPdS3jUnEdB4TR2FT2xFgAkyHZ6"},{"id":"d0d02660-ce9f-449a-8c03-7f19f0c5f46f","contentKey":"s5s5ejuDru4uchuF2drUFuthaspAbepE"},{"id":"2543631c-c704-40d6-9057-cd8e0bfa36e1","contentKey":"s5s5ejuDru4uchuF2drUFuthaspAbepE"},{"id":"d4ac938a-c908-4777-b881-9de2486be928","contentKey":"s5s5ejuDru4uchuF2drUFuthaspAbepE"},{"id":"78328eeb-c7d0-4213-86b1-36529e5a90f7","contentKey":"s5s5ejuDru4uchuF2drUFuthaspAbepE"},{"id":"06ec1966-5875-4b5b-8a92-2193bc5a84c0","contentKey":"s5s5ejuDru4uchuF2drUFuthaspAbepE"},{"id":"5b2d5cbe-66d7-4e34-9b9c-302d20944403","contentKey":"s5s5ejuDru4uchuF2drUFuthaspAbepE"},{"id":"e028ac38-188d-4820-b65f-c4e83b6a7676","contentKey":"eZ4pdny8GtHGsQOnniNBEUQ6LfzkoBxN"},{"id":"d11472db-8b50-4462-800e-805c1a1a3d06","contentKey":"s5s5ejuDru4uchuF2drUFuthaspAbepE"},{"id":"11f1955b-762f-4931-95eb-2e5e875b5814","contentKey":"s5s5ejuDru4uchuF2drUFuthaspAbepE"},{"id":"fa736c44-642f-4597-b6a1-cf2904fdee41","contentKey":"s5s5ejuDru4uchuF2drUFuthaspAbepE"},{"id":"433cbba0-1c00-48e8-94ef-59cfc38da4ca","contentKey":"s5s5ejuDru4uchuF2drUFuthaspAbepE"},{"id":"9244039e-a396-4a09-b033-3c6d1f75afb8","contentKey":"s5s5ejuDru4uchuF2drUFuthaspAbepE"},{"id":"57cdfe18-edb2-42b1-ad69-24b7150e4152","contentKey":"sR88K2vz0hjPzNMWAhttBosvFNvrrCig"},{"id":"a7d20555-e48e-40af-b2f3-ca4b9c046050","contentKey":"s5s5ejuDru4uchuF2drUFuthaspAbepE"},{"id":"b5e05413-7131-4093-a1ad-8a36627bcc90","contentKey":"s5s5ejuDru4uchuF2drUFuthaspAbepE"},{"id":"e01eaf09-e07b-4f61-8aef-c6f6510e955d","contentKey":"s5s5ejuDru4uchuF2drUFuthaspAbepE"},{"id":"66d77e48-3204-4b70-976d-fa5c802f1a1d","contentKey":"yB24lQFn227iYZVh33oPHXsdjX8zrIbV"},{"id":"d867bce2-4caf-4a7c-bd23-f2b2d78f3016","contentKey":"s5s5ejuDru4uchuF2drUFuthaspAbepE"},{"id":"1459b6ed-8727-4735-866d-0725c564838a","contentKey":"7gzFFwG9FGPWF4Rdw5jmH1W5pem9L4sd"},{"id":"08a96e76-7801-8a44-c42d-06d9d6aaee15","contentKey":"s5s5ejuDru4uchuF2drUFuthaspAbepE"},{"id":"d616f921-e603-4519-b233-37e57bafb5e9","contentKey":"s5s5ejuDru4uchuF2drUFuthaspAbepE"},{"id":"89e1a31d-9ea4-e7ee-e2cc-a1a1716baa2b","contentKey":"s5s5ejuDru4uchuF2drUFuthaspAbepE"},{"id":"aff37f54-44ac-4c2e-82c4-97c093670997","contentKey":"gYCCJSoY2XP13PcdJREUYSnxRKEi4FZn"},{"id":"0232dca2-f67e-40d7-9f32-3e836cce9e88","contentKey":"s5s5ejuDru4uchuF2drUFuthaspAbepE"},{"id":"abb45357-d70d-4638-978b-92d12ef8d677","contentKey":"s5s5ejuDru4uchuF2drUFuthaspAbepE"},{"id":"1e53d2b5-1e30-48a6-b3e4-52f5f78434ef","contentKey":"hA2OnNugbGeEWHoymRpG3fPqqQbLtUXV"},{"id":"d26b97e1-7593-4b9c-8564-261ae483e2f4","contentKey":"s5s5ejuDru4uchuF2drUFuthaspAbepE"},{"id":"bef794a0-c6f2-4b3e-bd6b-dd7dcffeedfc","contentKey":"cO2xYGn8Mcev1NRNAjftzo2ZncYYxoSB"},{"id":"b271ec88-7558-4bd7-8630-ec1f8590a6c1","contentKey":"s5s5ejuDru4uchuF2drUFuthaspAbepE"},{"id":"f7a2baed-bcd0-4113-890a-5b99336dc5d8","contentKey":"s5s5ejuDru4uchuF2drUFuthaspAbepE"},{"id":"cb25c5d5-1deb-4af3-85bc-19f04d214918","contentKey":"s5s5ejuDru4uchuF2drUFuthaspAbepE"},{"id":"6d6f40da-6b0a-47f1-a82a-b23721c6140b","contentKey":"s5s5ejuDru4uchuF2drUFuthaspAbepE"},{"id":"836b633e-3cb9-4f62-9d10-fa2d2d53189d","contentKey":"s5s5ejuDru4uchuF2drUFuthaspAbepE"},{"id":"1d8094c1-9ec1-4e9e-8b72-0155df4f9cdf","contentKey":"s5s5ejuDru4uchuF2drUFuthaspAbepE"},{"id":"c2f53450-e3c6-445b-ade9-c53f18b8b215","contentKey":"PsP6x3F3zcsN7gjMCrivWLfsoYPQkLxB"},{"id":"15a7e924-6ada-4c17-a6d5-23f3f425a9ed","contentKey":"s5s5ejuDru4uchuF2drUFuthaspAbepE"},{"id":"3c6ce6f7-87dd-4e96-9ef2-1906c06df604","contentKey":"s5s5ejuDru4uchuF2drUFuthaspAbepE"},{"id":"76321b7e-215a-4c5e-a836-9e9d3dd48aca","contentKey":"s5s5ejuDru4uchuF2drUFuthaspAbepE"},{"id":"04446a77-fad7-4973-b07f-d5cc243ea9c4","contentKey":"s5s5ejuDru4uchuF2drUFuthaspAbepE"},{"id":"4c8ae710-df2e-47cd-814d-cc7bf21a3d67","contentKey":"s5s5ejuDru4uchuF2drUFuthaspAbepE"},{"id":"e4008a61-e58e-4e3c-81c0-e527f698d049","contentKey":"gX6NXzHIUsWrqOctTg9A65AjXBxb876Q"},{"id":"0edb2000-7ca1-4aa6-a41f-b430faea9c21","contentKey":"s5s5ejuDru4uchuF2drUFuthaspAbepE"},{"id":"7c05fec9-9734-4012-a178-c8a73be1cfe7","contentKey":"s5s5ejuDru4uchuF2drUFuthaspAbepE"},{"id":"f5141021-230c-481b-8f98-f6fdb8ff2878","contentKey":"oZ0kUzfFfoNcrHKvcJXcTRuICHTJ3n3j"},{"id":"cc95f77c-d8be-4980-8aea-8c8fa4b7b40a","contentKey":"s5s5ejuDru4uchuF2drUFuthaspAbepE"},{"id":"bf01a13f-f00d-4013-bfa0-ca9f045e83b2","contentKey":"s5s5ejuDru4uchuF2drUFuthaspAbepE"},{"id":"baf42857-3661-46db-9c04-35e6ad8e1c17","contentKey":"s5s5ejuDru4uchuF2drUFuthaspAbepE"},{"id":"5335a95d-663c-4d38-8cd3-77d664cebba8","contentKey":"cZ9Sj6asukVF1euPaOZuVI7Hz60JCMnR"},{"id":"30e96628-1a60-4c07-aec1-b34c1664cdf4","contentKey":"4uwwNmPcJd0imqeI3Aa6gZibSKG3F8Lo"},{"id":"dd1976f7-7fcc-4f3a-8b75-c38fc070226f","contentKey":"vA4z4hx43QZJhSKArFlI8VNZmu6zM8R7"},{"id":"b8104ee1-3c67-42c5-9e6e-d7948e2ca834","contentKey":"TCdPxnqg7VeKiLtn9kaqh7K6hbNUvmhg"},{"id":"9b7700ca-c403-422e-8a28-2f98c118bfeb","contentKey":"s5s5ejuDru4uchuF2drUFuthaspAbepE"},{"id":"ea45133d-9ff0-4503-927f-d110e66e95d7","contentKey":"s5s5ejuDru4uchuF2drUFuthaspAbepE"},{"id":"26b14067-62f6-48c7-9eb5-26c903bf6000","contentKey":"s5s5ejuDru4uchuF2drUFuthaspAbepE"},{"id":"69bfcefb-fc69-4593-97a7-d85dd51b6bd3","contentKey":"3rrqGo2wBookv2eQw8p7sEqvJptxRpmi"},{"id":"2b6d828d-f7ca-4976-a018-18c092dccfaa","contentKey":"s5s5ejuDru4uchuF2drUFuthaspAbepE"},{"id":"e39d0c7a-3f8e-4892-81e7-6c065eeebbe4","contentKey":"nI3K1H5B1zL25pTSo5YVU9eLGSTvSA2E"},{"id":"5c72ec08-631f-4c13-92c7-12444927d8a4","contentKey":"s5s5ejuDru4uchuF2drUFuthaspAbepE"},{"id":"3af01d0d-e7e2-4c46-ae8b-5997e87ec58e","contentKey":"pL3bspqkbMBpsBGoEAlfG36RfrrcrFr2"},{"id":"add4181a-27cb-4f76-8988-c0457cd9074a","contentKey":"s5s5ejuDru4uchuF2drUFuthaspAbepE"},{"id":"8a96a023-b6cb-4267-838b-ad1762e6421b","contentKey":"s5s5ejuDru4uchuF2drUFuthaspAbepE"},{"id":"a831227e-69a3-4ca9-9f02-485339e22a19","contentKey":"s5s5ejuDru4uchuF2drUFuthaspAbepE"},{"id":"c2febc72-0781-464b-a6e0-2c52e87efa7e","contentKey":"s5s5ejuDru4uchuF2drUFuthaspAbepE"},{"id":"fbc79e4f-9895-485f-aebc-1790210fde82","contentKey":"s5s5ejuDru4uchuF2drUFuthaspAbepE"},{"id":"7bd3225e-23cb-11eb-8a0a-0c9d92c22af2","contentKey":"s5s5ejuDru4uchuF2drUFuthaspAbepE"},{"id":"30ba81ab-d5c0-42d5-9226-f4b0f3a92dfb","contentKey":"s5s5ejuDru4uchuF2drUFuthaspAbepE"},{"id":"8e79fa68-bf0d-4085-9862-aadc73ddaae2","contentKey":"s5s5ejuDru4uchuF2drUFuthaspAbepE"},{"id":"4c73f0d3-6cf3-4fcb-be07-7877e6dbd258","contentKey":"s5s5ejuDru4uchuF2drUFuthaspAbepE"},{"id":"19a5c157-1b62-4bcf-926c-89bb974b64c7","contentKey":"s5s5ejuDru4uchuF2drUFuthaspAbepE"},{"id":"1bd91673-55d0-44a7-8763-e302f3c1d2a6","contentKey":"s5s5ejuDru4uchuF2drUFuthaspAbepE"},{"id":"6d132a86-29b6-4fdd-a131-a80c25521759","contentKey":"s5s5ejuDru4uchuF2drUFuthaspAbepE"},{"id":"30bab92b-b80c-4cfd-a02a-e96f201e1423","contentKey":"dV3e2xMOuSYxyxLkZBXeIIYmNpCzX01I"},{"id":"52142ac0-99bf-427f-a9ee-7c1eb0142533","contentKey":"vPVU9GNS1JcwKh5MuxWBu8mhoRvLiupx"},{"id":"f191ed2f-a7fc-414e-988b-f2506f36e134","contentKey":"xR84omBx9lU8HhdRz3fTn72kHAvMvuNg"},{"id":"9c4c723f-5183-73cd-7961-1ba24558101a","contentKey":"s5s5ejuDru4uchuF2drUFuthaspAbepE"},{"id":"b1671749-ea78-4b0a-984a-4146706d0233","contentKey":"s5s5ejuDru4uchuF2drUFuthaspAbepE"},{"id":"9f883187-c398-454d-adb6-d8d90e456fc4","contentKey":"s5s5ejuDru4uchuF2drUFuthaspAbepE"},{"id":"951491d0-28fe-46c8-aefb-d61c4dd8cb25","contentKey":"XrQQYMHFqEZ6EbE7V9n6EQwFDA7MBAue"},{"id":"c8a3b0e0-532a-45a9-a672-26d0d497d511","contentKey":"s5s5ejuDru4uchuF2drUFuthaspAbepE"},{"id":"78b3217c-c6db-4163-957a-bc79b737af7a","contentKey":"s5s5ejuDru4uchuF2drUFuthaspAbepE"},{"id":"2443dd96-01a9-4e78-96d9-fabc1cb75d76","contentKey":"s5s5ejuDru4uchuF2drUFuthaspAbepE"},{"id":"f250d344-6b30-466c-9cc9-4a12bc822bdf","contentKey":"s5s5ejuDru4uchuF2drUFuthaspAbepE"},{"id":"99035f4a-1f14-40f2-a494-9ca5e0b6ef97","contentKey":"s5s5ejuDru4uchuF2drUFuthaspAbepE"},{"id":"28c1ec07-d699-4d11-a98a-ee5b24746e2b","contentKey":"s5s5ejuDru4uchuF2drUFuthaspAbepE"},{"id":"d6ad9082-78c4-4a09-b118-30fa089c2dc0","contentKey":"s5s5ejuDru4uchuF2drUFuthaspAbepE"},{"id":"29d8558a-96b0-478f-a8da-58a87a4f081b","contentKey":"s5s5ejuDru4uchuF2drUFuthaspAbepE"},{"id":"67f1e263-5720-402d-827c-d673118ae17b","contentKey":"s5s5ejuDru4uchuF2drUFuthaspAbepE"},{"id":"6a835cbf-7b4f-4666-bd0c-40b69eaeb7ed","contentKey":"fMgy3LPyY4BPY355EJfjuTbUgyUwfTCc"},{"id":"aa460252-f564-4b5d-8294-e929c3cd1a95","contentKey":"hP2mkM4Ghtfqh6rNEhpH03bbFhNgFgB4"},{"id":"20df22b1-2e5d-4dbc-866a-24c91cdacb67","contentKey":"s5s5ejuDru4uchuF2drUFuthaspAbepE"},{"id":"5c7f21f3-2cac-46dc-81fb-7ccfaa5b5ad2","contentKey":"s5s5ejuDru4uchuF2drUFuthaspAbepE"},{"id":"ae458ac4-913d-4449-9c11-08585ec6516d","contentKey":"s5s5ejuDru4uchuF2drUFuthaspAbepE"},{"id":"b77f07d2-1580-8c14-c2ae-df13a0411a65","contentKey":"s5s5ejuDru4uchuF2drUFuthaspAbepE"},{"id":"ffd4a25d-54b6-4fc2-91dd-346194ae9714","contentKey":"s5s5ejuDru4uchuF2drUFuthaspAbepE"},{"id":"c7512426-2166-4564-9a30-f5a6b128475e","contentKey":"s5s5ejuDru4uchuF2drUFuthaspAbepE"},{"id":"2b73422e-63a9-4a7e-b2cc-a87b1826bfee","contentKey":"s5s5ejuDru4uchuF2drUFuthaspAbepE"},{"id":"d307e433-f1ac-4f31-a5dd-fbe23dc84c26","contentKey":"s5s5ejuDru4uchuF2drUFuthaspAbepE"},{"id":"764d53ad-846f-44df-b75b-da3d2353c7be","contentKey":"s5s5ejuDru4uchuF2drUFuthaspAbepE"},{"id":"2a65bb14-3683-44a2-81dc-9d3e37d40963","contentKey":"vO4JF1Oe5QwneMB8GHpUCrtU8AcTZMYR"},{"id":"a25f9ffd-829d-477c-a813-8bd3fc81d79f","contentKey":"s5s5ejuDru4uchuF2drUFuthaspAbepE"},{"id":"b989b8ac-4979-4190-b706-079534e0b7e6","contentKey":"s5s5ejuDru4uchuF2drUFuthaspAbepE"},{"id":"87f20d46-06b2-4fdc-9d01-2a29df70687d","contentKey":"s5s5ejuDru4uchuF2drUFuthaspAbepE"},{"id":"7dcbec02-5072-4d78-9137-c3d9907d0ad0","contentKey":"SmMgiQP3WEL62dFfry5WgCQowBKzS2Kq"},{"id":"045fee3e-1b5f-461e-b255-943252068077","contentKey":"sJ4JCH4rWYg7nIwtCZqArdYR5KRKcLQu"},{"id":"33e6309d-fa98-4510-9689-feaaf7e2df6f","contentKey":"s5s5ejuDru4uchuF2drUFuthaspAbepE"},{"id":"b34d6230-6857-414c-8261-906ee2a6997e","contentKey":"s5s5ejuDru4uchuF2drUFuthaspAbepE"},{"id":"0ed8787d-66fa-49cc-b8ef-4a36598ab4f1","contentKey":"ykSoHLtBPHVWCg3FVVwRFCL5Xfyses1p"},{"id":"dd1a731d-6ee2-4550-a541-a3ad645b7ad7","contentKey":"s5s5ejuDru4uchuF2drUFuthaspAbepE"},{"id":"f245e851-9ac2-4750-a5a4-342f7a11c45d","contentKey":"oL839V8T5MmOZ54MELOLzIiQXPBsChAk"},{"id":"9ebddaa9-f51d-4a71-bade-9ef37d259f7f","contentKey":"s5s5ejuDru4uchuF2drUFuthaspAbepE"},{"id":"2cb8e5e3-d23c-4cea-9fc8-9266a5d11ff1","contentKey":"s5s5ejuDru4uchuF2drUFuthaspAbepE"},{"id":"bfbc3c85-9092-497b-a05c-ca17e7dc391c","contentKey":"s5s5ejuDru4uchuF2drUFuthaspAbepE"},{"id":"0628d48f-725a-457c-a562-18a850619d1a","contentKey":"s5s5ejuDru4uchuF2drUFuthaspAbepE"},{"id":"874fba77-ab90-4a2f-9b30-8ae8b092f774","contentKey":"sP0kzFGvj8xOSMryreUeKPPU2JvOvGPX"},{"id":"4f4a0dfa-6e3a-4a2b-bad1-eb84b1b76ee9","contentKey":"s5s5ejuDru4uchuF2drUFuthaspAbepE"},{"id":"6aaae3ed-c6c3-4ddb-82d7-418ab9ecaac0","contentKey":"s5s5ejuDru4uchuF2drUFuthaspAbepE"},{"id":"12c1333b-9a23-404d-9b24-231df3bee1b9","contentKey":"s5s5ejuDru4uchuF2drUFuthaspAbepE"},{"id":"2b55a6d1-ecbe-41de-906f-190a2f07d82b","contentKey":"s5s5ejuDru4uchuF2drUFuthaspAbepE"},{"id":"6525897c-34b7-4b38-a149-95a0d6bff5a3","contentKey":"s5s5ejuDru4uchuF2drUFuthaspAbepE"},{"id":"e1538c54-538b-46c2-a5cb-ef295f35bbda","contentKey":"s5s5ejuDru4uchuF2drUFuthaspAbepE"},{"id":"5e48c1e4-aa5b-45a8-9b61-eaac42ca14be","contentKey":"s5s5ejuDru4uchuF2drUFuthaspAbepE"},{"id":"030e7281-863b-4d47-a7c4-8ecfd2193d7e","contentKey":"s5s5ejuDru4uchuF2drUFuthaspAbepE"},{"id":"6fef41b8-4000-4afc-ae5d-03b08755a8e4","contentKey":"s5s5ejuDru4uchuF2drUFuthaspAbepE"},{"id":"2a525035-af65-4626-a9fe-2300ea0cde41","contentKey":"s5s5ejuDru4uchuF2drUFuthaspAbepE"},{"id":"d7519b5a-45ec-4d27-997c-89d402c6b57f","contentKey":"s5s5ejuDru4uchuF2drUFuthaspAbepE"},{"id":"d1077e1b-27ac-42ea-8745-191c297398f7","contentKey":"zqd3bLxbvJMBrUXr17QF5QQTmsEckVgf"},{"id":"ba45a62e-fb7a-4c9e-a843-9659921faa6a","contentKey":"s5s5ejuDru4uchuF2drUFuthaspAbepE"},{"id":"48d45a2b-48da-4365-9b44-d4fadebadc06","contentKey":"s5s5ejuDru4uchuF2drUFuthaspAbepE"},{"id":"91a949d4-2c92-4d39-9639-8cc54e279c31","contentKey":"lK03i6oU7JcaTw8FkbGKRHYUpX1eVNrq"},{"id":"8a81aac1-0141-48f5-b574-7d875f7f903f","contentKey":"s5s5ejuDru4uchuF2drUFuthaspAbepE"},{"id":"ec2fefe5-9e36-4e78-9d6f-5fa95f0b4016","contentKey":"s5s5ejuDru4uchuF2drUFuthaspAbepE"},{"id":"2ac15f42-5ee9-4e8e-a146-e5bbbdf1ef96","contentKey":"s5s5ejuDru4uchuF2drUFuthaspAbepE"},{"id":"f53ae0ec-f726-496a-bbce-6675310c5f4a","contentKey":"s5s5ejuDru4uchuF2drUFuthaspAbepE"},{"id":"d4794bb7-d8cb-4420-8f6f-68913844b34c","contentKey":"s5s5ejuDru4uchuF2drUFuthaspAbepE"},{"id":"720ee1f3-dc46-4ffc-a390-8bb035e7be26","contentKey":"s5s5ejuDru4uchuF2drUFuthaspAbepE"},{"id":"0aabc3c4-8617-83e3-a215-75b3923a1209","contentKey":"s5s5ejuDru4uchuF2drUFuthaspAbepE"},{"id":"0bf9e491-d577-4fc4-83b3-afd82b4c722e","contentKey":"s5s5ejuDru4uchuF2drUFuthaspAbepE"},{"id":"66f99004-9c12-4e82-97a8-96bb5c579d24","contentKey":"dP6pVsddn4Q2c01vZpw8NaRBlBBVNzh0"},{"id":"5d0bf0bd-a95f-464f-a85b-6fce71e96b69","contentKey":"eJ0A7EexOyMJ283xgy6zTaW7YeH851YH"},{"id":"a5819bf2-ebe8-4a72-98c2-98aaf4e0375d","contentKey":"s5s5ejuDru4uchuF2drUFuthaspAbepE"},{"id":"38e8a4ff-3f08-4a7a-8c79-0bb8002cde90","contentKey":"s5s5ejuDru4uchuF2drUFuthaspAbepE"},{"id":"2d356eaa-dc7b-471c-8850-8740c1c589a1","contentKey":"dE6xpn2toE6q1aRj8ptH3JdZekIpIWi5"},{"id":"ec202654-c490-487e-b3ba-43dc305418cc","contentKey":"aI589aHmEse80KmhrMA6HpmSwgpAwkGG"},{"id":"ecd2da58-c007-4c71-a664-c86912324195","contentKey":"s5s5ejuDru4uchuF2drUFuthaspAbepE"},{"id":"f01e64eb-1cc1-4b7a-89db-d11773405328","contentKey":"zX1lOKrtIepIkvbkcydj6EE6Nom8dS43"},{"id":"2f931edb-f54d-5a6f-b44d-c7468f56a3cc","contentKey":"s5s5ejuDru4uchuF2drUFuthaspAbepE"},{"id":"380c2d55-2235-430a-8ff6-05e2c551497f","contentKey":"xP5hrm93A6vPMp4BSbL7joLYPXjPFYsz"},{"id":"6f1092cd-8e64-43d1-a369-203f88fdb7b5","contentKey":"bA0tAPFeVMOaYIdzm28ZoO6JEjIqlLPR"},{"id":"dbe4ca7d-fe00-44a3-9873-9e1262ef5f85","contentKey":"s5s5ejuDru4uchuF2drUFuthaspAbepE"},{"id":"5b3f49df-12d9-490a-ad00-42e813397edc","contentKey":"s5s5ejuDru4uchuF2drUFuthaspAbepE"},{"id":"3bb284aa-d08c-4a78-8d24-4c826135ed3c","contentKey":"s5s5ejuDru4uchuF2drUFuthaspAbepE"},{"id":"8a5b0fd0-4c4d-4395-8d0d-dfa20bc7adad","contentKey":"s5s5ejuDru4uchuF2drUFuthaspAbepE"},{"id":"0b17dd33-69e9-4225-9fb5-b7383b149863","contentKey":"yK87awW8B5phinvS2F0dj248louaeICQ"},{"id":"90eb6e6f-05e9-46e3-a987-bba738e6ea4b","contentKey":"iX9APqWfyRiCBMfcuUQN5bwZwrxwZzVN"},{"id":"0706dbd6-b8a1-4633-8727-40be48d8b9a2","contentKey":"s5s5ejuDru4uchuF2drUFuthaspAbepE"},{"id":"c8c0c2b8-3558-4178-bb9b-fc934853acf2","contentKey":"gU36TCrB0zEvene5ZMtpW2WlabQdAA6M"},{"id":"36c22447-8f3d-4e61-a7e5-3f4d12b5ae43","contentKey":"s5s5ejuDru4uchuF2drUFuthaspAbepE"},{"id":"6e6e5e0f-8ac4-4933-9ef2-994f39688938","contentKey":"s5s5ejuDru4uchuF2drUFuthaspAbepE"},{"id":"41ad0c1a-98f6-4afb-85f6-dddf2f4b8770","contentKey":"s5s5ejuDru4uchuF2drUFuthaspAbepE"},{"id":"70a881b3-158b-4fd7-9d85-b414c9b7a2dd","contentKey":"s5s5ejuDru4uchuF2drUFuthaspAbepE"},{"id":"e7de9742-ad24-4d41-894d-a8bf9df7e87f","contentKey":"s5s5ejuDru4uchuF2drUFuthaspAbepE"},{"id":"b86a5e45-8282-4f2c-8adc-4234a6cea6cf","contentKey":"s5s5ejuDru4uchuF2drUFuthaspAbepE"},{"id":"0d8656b4-c71d-43ec-bd36-719404866bb0","contentKey":"s5s5ejuDru4uchuF2drUFuthaspAbepE"},{"id":"838bdb6b-bf30-42ca-a4d8-e35865fba8e2","contentKey":"s5s5ejuDru4uchuF2drUFuthaspAbepE"},{"id":"1f96e6fa-8f96-4717-b092-90fcb0541364","contentKey":"oH57a0UpasimmGkcQ4E6Y6NWvcCdvJmp"},{"id":"aa945765-8f45-4246-a6d9-17e4710f7af3","contentKey":"s5s5ejuDru4uchuF2drUFuthaspAbepE"},{"id":"f05bedc5-5391-4d3a-a0bc-dd017bafb0e5","contentKey":"zN7ZZz28Vv1nlFZT5ntTIJhYJHEWBIOV"},{"id":"c94410c7-44f0-49b8-823c-4bfa32ea48e8","contentKey":"Lfm6GnzqoGQNU66dZorddtEvKt4vtH94"},{"id":"713b178c-99e2-4edb-b534-99f5553f6c64","contentKey":"s5s5ejuDru4uchuF2drUFuthaspAbepE"},{"id":"cac09766-a405-4385-acb9-e3746d925d58","contentKey":"dH5GnGVc92khxbWrKl2uRmF7tgH0CyiC"},{"id":"cf370968-1495-11eb-adc1-0242ac120002","contentKey":"fV08JE4qTuOOmYBV2CKTQMWOjaBIQnV6"},{"id":"b72e1c23-c1b0-4d27-840d-d04faa118139","contentKey":"s5s5ejuDru4uchuF2drUFuthaspAbepE"},{"id":"dac957c9-d4dc-4ad2-91c4-98e16026c7e6","contentKey":"fN1e64kCq0CPjSlr6CalMkcXRjSMFi7e"},{"id":"4a58320c-b5f5-8133-0c6b-43352b92c2ef","contentKey":"s5s5ejuDru4uchuF2drUFuthaspAbepE"},{"id":"ac151f18-bd82-4080-9144-0e0a4030fb08","contentKey":"s5s5ejuDru4uchuF2drUFuthaspAbepE"},{"id":"0b14709a-051f-4ab8-af7b-3ef938359bed","contentKey":"yE3njLaA6CiQT3tPVsiwrC35TpWq6q5N"},{"id":"fc975a33-b52b-44fd-bf82-292efd248ce9","contentKey":"s5s5ejuDru4uchuF2drUFuthaspAbepE"},{"id":"e74a9498-c75e-4eee-ab3a-f96a862c35f4","contentKey":"s5s5ejuDru4uchuF2drUFuthaspAbepE"},{"id":"f94e8e6f-f24f-4cda-8d97-5d0f82e08643","contentKey":"s5s5ejuDru4uchuF2drUFuthaspAbepE"},{"id":"46816e61-0615-436c-b305-93c7d6be7240","contentKey":"s5s5ejuDru4uchuF2drUFuthaspAbepE"},{"id":"aed5c500-83e9-44f6-9213-618a9dd32e3e","contentKey":"s5s5ejuDru4uchuF2drUFuthaspAbepE"},{"id":"023f68ca-6574-481e-afe4-f218ecacff04","contentKey":"s5s5ejuDru4uchuF2drUFuthaspAbepE"},{"id":"e823767b-7337-49da-aaef-de616d2c2c3a","contentKey":"s5s5ejuDru4uchuF2drUFuthaspAbepE"},{"id":"d31129ab-5fd1-4cf5-a412-ca4c0a54699b","contentKey":"s5s5ejuDru4uchuF2drUFuthaspAbepE"},{"id":"a3fd78f1-23a4-49f9-9122-1cdc5e49b3bd","contentKey":"s5s5ejuDru4uchuF2drUFuthaspAbepE"},{"id":"bdee947b-cdde-4360-9bb7-c47365a64365","contentKey":"s5s5ejuDru4uchuF2drUFuthaspAbepE"},{"id":"ad1d1e77-8785-47ff-8816-f0bcab53b32f","contentKey":"o9jR4voFhdYF5xS3k8H59Y864ALL9vYA"},{"id":"f6011d1c-5f16-490b-9088-f37e7d3f0fbc","contentKey":"VvM2WBU4wEYsr9rH9dbm7N528N2mYG3F"},{"id":"3ed9079d-cb8a-4ab6-9513-69c18b7a1dac","contentKey":"bP4MduUI5qTIJFGLZ0ppdPVNaWR7achZ"},{"id":"ab531a05-4004-435e-b861-5262e4176cbf","contentKey":"s5s5ejuDru4uchuF2drUFuthaspAbepE"},{"id":"e6d956af-de69-4d69-a51f-6aaabf7b9d75","contentKey":"s5s5ejuDru4uchuF2drUFuthaspAbepE"},{"id":"513d2e80-07b5-4576-9364-75c18ff5bf54","contentKey":"s5s5ejuDru4uchuF2drUFuthaspAbepE"},{"id":"74ab8184-4e96-469c-a7a0-81ef63e755c6","contentKey":"s5s5ejuDru4uchuF2drUFuthaspAbepE"},{"id":"61090591-2707-4dfd-a981-680f37c95b95","contentKey":"s5s5ejuDru4uchuF2drUFuthaspAbepE"},{"id":"08a60021-38ee-44cc-8e32-e4c4c1110956","contentKey":"s5s5ejuDru4uchuF2drUFuthaspAbepE"},{"id":"32900dcb-1d5d-49b3-b7b8-63d550c3e8a4","contentKey":"eI7lFA6NlqHG6BePSuAmVIwkgw2W712c"},{"id":"b3d76ee5-0de1-42f2-bae3-4aa37fd8680c","contentKey":"fL741B4sRrttUC7WFZqmhXjR5OcA9Ne3"},{"id":"49df9974-549d-4f44-a411-1b1864f29d25","contentKey":"s5s5ejuDru4uchuF2drUFuthaspAbepE"},{"id":"91c06109-d92c-4529-bee8-400a925b6e88","contentKey":"s5s5ejuDru4uchuF2drUFuthaspAbepE"},{"id":"5136801f-b27f-41ab-9f99-e0cb7ec3f2a4","contentKey":"tB5mkW0Hc8KsYLy5qqU6pgfOCpZmwsjX"},{"id":"c57e2707-5015-4c19-8623-2d059956789c","contentKey":"s5s5ejuDru4uchuF2drUFuthaspAbepE"},{"id":"85e3bb46-efd9-4080-9d1c-b1afddf3cf33","contentKey":"s5s5ejuDru4uchuF2drUFuthaspAbepE"},{"id":"8b01eb0d-6d64-4a4f-8f8a-3d21ce12df6d","contentKey":"s5s5ejuDru4uchuF2drUFuthaspAbepE"},{"id":"e2075d05-144c-41fa-90a4-b20e260dc83a","contentKey":"s5s5ejuDru4uchuF2drUFuthaspAbepE"},{"id":"9dca219e-f99c-49a1-8223-34c51e916493","contentKey":"LWvmWr4gAExfjVnxJRhKFMsJVU8LZHqh"},{"id":"f7baa742-6636-4606-a78a-a8b50953df26","contentKey":"s5s5ejuDru4uchuF2drUFuthaspAbepE"},{"id":"a421aaa7-b5f7-43ae-b3e6-546d4108407f","contentKey":"s5s5ejuDru4uchuF2drUFuthaspAbepE"},{"id":"23780186-7445-4114-b95e-92a330338cbe","contentKey":"s5s5ejuDru4uchuF2drUFuthaspAbepE"},{"id":"ab47c89e-9c5a-4dbc-a220-865aad8794a5","contentKey":"s5s5ejuDru4uchuF2drUFuthaspAbepE"},{"id":"9a2b6d62-02d6-40b7-b2a1-2222ffa23aba","contentKey":"fC6k27exeIYrQ5M2V2znXgLFFVSKiIUQ"},{"id":"bbbd1a1c-36dd-46e9-a940-75e4301c134a","contentKey":"s5s5ejuDru4uchuF2drUFuthaspAbepE"},{"id":"0c901c2c-3f26-11eb-b378-0242ac130002","contentKey":"s5s5ejuDru4uchuF2drUFuthaspAbepE"},{"id":"09b22754-326a-4c74-96e8-07c0b42cdc8d","contentKey":"s5s5ejuDru4uchuF2drUFuthaspAbepE"},{"id":"8a4eaf2a-2946-44b4-9ffd-ae6f3b1a138c","contentKey":"s5s5ejuDru4uchuF2drUFuthaspAbepE"},{"id":"55f3174a-b7c9-43cb-b3bf-bc30429b5640","contentKey":"s5s5ejuDru4uchuF2drUFuthaspAbepE"},{"id":"72ef1102-7073-457d-921f-c2e7f2eb4db9","contentKey":"s5s5ejuDru4uchuF2drUFuthaspAbepE"},{"id":"7952d6b5-c409-4924-959f-e53cf917f1ec","contentKey":"s5s5ejuDru4uchuF2drUFuthaspAbepE"},{"id":"2c2b34dd-0453-45d5-9695-f98f166971f9","contentKey":"s5s5ejuDru4uchuF2drUFuthaspAbepE"},{"id":"7d21103d-11ae-4768-a88e-65b5c24a5a79","contentKey":"s5s5ejuDru4uchuF2drUFuthaspAbepE"},{"id":"aa678ead-e25b-535e-c4b6-de6d62802f95","contentKey":"s5s5ejuDru4uchuF2drUFuthaspAbepE"},{"id":"4da1356f-81f9-44a6-b9af-ec9b98b51644","contentKey":"kN5pmM1e6FiqjP8Elz3Bjkiagj2axdd3"},{"id":"41bd9e35-246e-4283-a5e0-31e7824ca286","contentKey":"aG7QRi2dV0v8nkUkANe1VNCfLGiLUCnq"},{"id":"fa1020e7-974b-45b0-ac88-0f0fc96f3ae3","contentKey":"s5s5ejuDru4uchuF2drUFuthaspAbepE"},{"id":"8e9cf18e-b930-4130-9832-9f4245d501f3","contentKey":"s5s5ejuDru4uchuF2drUFuthaspAbepE"},{"id":"5c2d80aa-9aab-4469-b92e-29370a9ec262","contentKey":"s5s5ejuDru4uchuF2drUFuthaspAbepE"},{"id":"518371dd-c9c9-496f-bf47-3b812b1288da","contentKey":"s5s5ejuDru4uchuF2drUFuthaspAbepE"},{"id":"ccd652a5-c4f3-49b3-8399-60d4a6b2b328","contentKey":"s5s5ejuDru4uchuF2drUFuthaspAbepE"},{"id":"089b8006-b056-4f67-9efe-eeea99c1e883","contentKey":"s5s5ejuDru4uchuF2drUFuthaspAbepE"},{"id":"7c29ff6a-dc2c-4302-b437-882ad2caf7db","contentKey":"s5s5ejuDru4uchuF2drUFuthaspAbepE"},{"id":"a09baf4e-8353-4d31-9c55-c8e223f3e3cd","contentKey":"s5s5ejuDru4uchuF2drUFuthaspAbepE"},{"id":"2b3bdba0-d3fc-44e1-bd23-9ae2d899e453","contentKey":"s5s5ejuDru4uchuF2drUFuthaspAbepE"},{"id":"10a75cd9-e173-474c-b74c-a8102d99b44b","contentKey":"s5s5ejuDru4uchuF2drUFuthaspAbepE"},{"id":"d6bf5729-26c9-e255-330f-2f8ced0e6bfd","contentKey":"s5s5ejuDru4uchuF2drUFuthaspAbepE"},{"id":"2a339550-dc01-40e4-86b5-fa8a10aa5d58","contentKey":"s5s5ejuDru4uchuF2drUFuthaspAbepE"},{"id":"030395ab-aaf2-4308-832e-2c86a372fcd6","contentKey":"s5s5ejuDru4uchuF2drUFuthaspAbepE"},{"id":"c59adc49-238f-462b-8623-ed835454d702","contentKey":"zH3jhW2O7jjHtCNAsNaGWyNa92h5mIE4"},{"id":"39f190f1-2a1c-4f54-8e19-3227a0354916","contentKey":"s5s5ejuDru4uchuF2drUFuthaspAbepE"},{"id":"7327d0c5-3fd4-47ed-9f5a-36aa77670b1c","contentKey":"s5s5ejuDru4uchuF2drUFuthaspAbepE"},{"id":"c3166008-149f-4193-977b-7758e6bd56de","contentKey":"s5s5ejuDru4uchuF2drUFuthaspAbepE"},{"id":"cdd51ccc-a7dd-4a3c-bddb-b75081dd91f7","contentKey":"s5s5ejuDru4uchuF2drUFuthaspAbepE"},{"id":"6a039a72-19fe-478a-874d-3e5bd46f608b","contentKey":"s5s5ejuDru4uchuF2drUFuthaspAbepE"},{"id":"5d2963ad-10f9-4c5a-9412-99fd4362a587","contentKey":"lN0cSVJd0hv5CQskFVqEANmpUUiAXv0M"},{"id":"709cafb0-cdc1-4c04-9f4b-55ffbe25a81f","contentKey":"s5s5ejuDru4uchuF2drUFuthaspAbepE"},{"id":"4c8a27f8-c752-4823-a59d-041cf7c23fcc","contentKey":"qK0vTLYmMUtmyGQnXtE6tcTKGomUNItJ"},{"id":"630381d3-f725-4cce-b63d-274eb9087eb3","contentKey":"s5s5ejuDru4uchuF2drUFuthaspAbepE"},{"id":"6a70b06b-5ee1-4147-9db1-6627683ea395","contentKey":"s5s5ejuDru4uchuF2drUFuthaspAbepE"},{"id":"2e23eff9-01ca-4a9d-2186-803735c7b83c","contentKey":"s5s5ejuDru4uchuF2drUFuthaspAbepE"},{"id":"51211247-9a79-46ab-acfc-bab9e709f480","contentKey":"s5s5ejuDru4uchuF2drUFuthaspAbepE"},{"id":"d679e2a7-d6a6-4604-89ae-e73cdbd8e2d8","contentKey":"kM16Z5TfmndsPnFTiTT4lc1BTzktx7tB"},{"id":"f811e431-a25e-49fc-a46e-b287990f421a","contentKey":"s5s5ejuDru4uchuF2drUFuthaspAbepE"},{"id":"cc294908-67d5-11ec-942b-00e04c239987","contentKey":"s5s5ejuDru4uchuF2drUFuthaspAbepE"},{"id":"d53a409b-8f5e-b89f-b0e1-ee2e87d48837","contentKey":"s5s5ejuDru4uchuF2drUFuthaspAbepE"},{"id":"44126366-8431-4c6a-ab1a-734eef6d36d1","contentKey":"s5s5ejuDru4uchuF2drUFuthaspAbepE"},{"id":"9cac867f-0427-4888-aa62-678644f01051","contentKey":"s5s5ejuDru4uchuF2drUFuthaspAbepE"},{"id":"a218f585-09b1-4d47-9329-7f4d26727b8e","contentKey":"s5s5ejuDru4uchuF2drUFuthaspAbepE"},{"id":"9717f8df-b76e-465b-8798-73b8c9967528","contentKey":"s5s5ejuDru4uchuF2drUFuthaspAbepE"}]