[{"id":"a77195c8-30e2-4ad6-868e-4c56ca7dc580","contentKey":"s5s5ejuDru4uchuF2drUFuthaspAbepE"},{"id":"6dd86351-0191-4a3e-85cf-2a81647b830c","contentKey":"s5s5ejuDru4uchuF2drUFuthaspAbepE"},{"id":"874fba77-ab90-4a2f-9b30-8ae8b092f774","contentKey":"sP0kzFGvj8xOSMryreUeKPPU2JvOvGPX"},{"id":"aed5c500-83e9-44f6-9213-618a9dd32e3e","contentKey":"s5s5ejuDru4uchuF2drUFuthaspAbepE"},{"id":"100a470a-f06a-427a-b62d-168f3ceecf92","contentKey":"lG9zCwIMNy5n1RcVm6hymXe2JefSBbpN"},{"id":"b3b5a06a-7dc6-4ec6-a3cc-89c46f9a91e2","contentKey":"s5s5ejuDru4uchuF2drUFuthaspAbepE"},{"id":"c57e2707-5015-4c19-8623-2d059956789c","contentKey":"s5s5ejuDru4uchuF2drUFuthaspAbepE"},{"id":"f36dfcd0-8e75-4ac8-8d69-77b442250e90","contentKey":"wH7246pS7IiiGEdnKu6xkuKv9dStxWzi"},{"id":"0887d1fd-a752-47d9-a119-b47e6a5fac67","contentKey":"s5s5ejuDru4uchuF2drUFuthaspAbepE"},{"id":"d72d1267-18d1-4fd3-a9a0-2d1dbea1cd70","contentKey":"s5s5ejuDru4uchuF2drUFuthaspAbepE"},{"id":"05ead86c-572c-40c8-8cb0-8733a7894185","contentKey":"s5s5ejuDru4uchuF2drUFuthaspAbepE"},{"id":"c35ad990-3dc5-4179-bfe9-6f323d94f0b2","contentKey":"s5s5ejuDru4uchuF2drUFuthaspAbepE"},{"id":"5cfc95c0-7490-4bdd-a5f9-d1164decbb1b","contentKey":"s5s5ejuDru4uchuF2drUFuthaspAbepE"},{"id":"96e8daad-3d7a-4818-bc25-2c815fb3bbc2","contentKey":"s5s5ejuDru4uchuF2drUFuthaspAbepE"},{"id":"ba692d28-b4ca-40ce-9e0e-7f7960baee13","contentKey":"s5s5ejuDru4uchuF2drUFuthaspAbepE"},{"id":"ae9853fa-c41a-40ac-b95e-66dd5e6f0837","contentKey":"hP6IWm8eYcysUbIiYWdP0a23NCbbWSaT"},{"id":"ba59630e-8682-6cf4-7e56-9cb35e053f5c","contentKey":"oP0GL78LkBnfyHKKRVpzhtsB12EVh68p"},{"id":"727df6bb-5392-4b92-b262-54545731116a","contentKey":"s5s5ejuDru4uchuF2drUFuthaspAbepE"},{"id":"6fef41b8-4000-4afc-ae5d-03b08755a8e4","contentKey":"s5s5ejuDru4uchuF2drUFuthaspAbepE"},{"id":"8b8362a3-cd8c-4f48-9a49-b494659513b6","contentKey":"s5s5ejuDru4uchuF2drUFuthaspAbepE"},{"id":"050ac25f-3124-4acb-ad16-64b779f8255f","contentKey":"jhXUipNeq5ohY3cWRsoCrjSWpX4vc63h"},{"id":"202539ce-e6c5-40b5-a4a1-4296277d18f6","contentKey":"s5s5ejuDru4uchuF2drUFuthaspAbepE"}]