[{"id":"a3fd78f1-23a4-49f9-9122-1cdc5e49b3bd","contentKey":"s5s5ejuDru4uchuF2drUFuthaspAbepE"},{"id":"64d96ffc-99c5-49d2-a737-33612c886a6f","contentKey":"s5s5ejuDru4uchuF2drUFuthaspAbepE"},{"id":"d7519b5a-45ec-4d27-997c-89d402c6b57f","contentKey":"s5s5ejuDru4uchuF2drUFuthaspAbepE"},{"id":"123dd57a-226f-4895-a1bc-b3b69d3f44dd","contentKey":"Dyg7ExHp5ZHL3qEaddnJZYvT5mQGA4RV"},{"id":"d845e70c-6288-4078-b666-13ea251eaae4","contentKey":"rbcJmpHmwrpAZYYeb5jCZaqTjgPmMV8n"},{"id":"917b7c5d-970f-4a02-a5c6-a8fa8d40551a","contentKey":"s5s5ejuDru4uchuF2drUFuthaspAbepE"},{"id":"050ac25f-3124-4acb-ad16-64b779f8255f","contentKey":"jhXUipNeq5ohY3cWRsoCrjSWpX4vc63h"},{"id":"78501ecb-b433-4f2b-a609-1ce062bf71c5","contentKey":"feYcWHnNdA2x2UwDyU3XZRN2DvruR7XU"},{"id":"eb258083-fb5c-4780-bca7-7f3fb9065539","contentKey":"s5s5ejuDru4uchuF2drUFuthaspAbepE"},{"id":"96301ad8-81d6-4600-818f-4de357509d60","contentKey":"srnf7jde3zoRdUinVUrGxM3dvMLdHczQ"},{"id":"4972c4c7-6eac-4e4c-b2d0-822b590b6fa7","contentKey":"s5s5ejuDru4uchuF2drUFuthaspAbepE"},{"id":"aebce8ef-e8c3-40b9-ac5c-f7f3b25cffb4","contentKey":"s5s5ejuDru4uchuF2drUFuthaspAbepE"},{"id":"d1bea604-839d-4e53-8c1f-4732b419ab1f","contentKey":"zZ6CAWZPrRUmqJCdRIQmhZuiqhPAjCZA"},{"id":"4f3c134c-bf7f-49d3-abc3-28ffd6963768","contentKey":"6MihJGG5kmatHxsiJJ1UNZeQci5uTW1Q"},{"id":"60ef7248-34e9-4d81-b072-6bee80fbdae8","contentKey":"srnf7jde3zoRdUinVUrGxM3dvMLdHczQ"},{"id":"fe4121ea-6c6d-4887-8b81-2174642187a1","contentKey":"Pe3UtR8reK3craSatRenuSatA8es2va7"},{"id":"7de76407-0680-4b5e-8ce0-5a256fc53787","contentKey":"jJ7PBFj6PhccdKeZ1wKUjPkxTBpVCX2z"},{"id":"1b99b77c-3caa-4aaa-8f79-f79f053e586f","contentKey":"s5s5ejuDru4uchuF2drUFuthaspAbepE"},{"id":"eed6203f-eeda-4d48-9ac8-443cc760fe6a","contentKey":"jU9dscbyyqxH5iE9L9A7JVnW83g6ijCO"},{"id":"8b8362a3-cd8c-4f48-9a49-b494659513b6","contentKey":"s5s5ejuDru4uchuF2drUFuthaspAbepE"},{"id":"be1576d2-9c3a-48a2-9b79-28f510abeb6c","contentKey":"63256E8A204545E9971C7E4E49D05336"},{"id":"72de2e46-feb8-4b11-a78e-c19f56dfd3b1","contentKey":"LoHBgATlf5DkthMI57vSL1HzPo3KKKNB"},{"id":"e9dbbae6-3f3f-4a8c-a71d-6d51b7bad664","contentKey":"qS1sFJ97N9uqbKyMOfukOf4kVTvAwJFa"},{"id":"5e6f8875-20ee-399e-8ad6-0b9d644e8bef","contentKey":"lJ69ph6LrjkF2YtLSXIBcSCkSSPfKTen"},{"id":"7cec98d8-55cc-44fe-b0ae-2672b0b2bd37","contentKey":"s5s5ejuDru4uchuF2drUFuthaspAbepE"},{"id":"ac96fbcf-a996-432f-9143-f95743fded15","contentKey":"s5s5ejuDru4uchuF2drUFuthaspAbepE"},{"id":"1e0b2d35-8fa3-4331-bc5b-fcc536f189d8","contentKey":"fP7NrK6vW6is4mVLhahN0dy3qTzlr1fu"},{"id":"56dc37ad-6dea-4e8e-9e1a-8ed48e4bf475","contentKey":"gf1Gc7WjTKLfr7mzsu3dr1CUviN5T4wY"},{"id":"1345e192-004a-499e-940d-9ddb0cecfb8e","contentKey":"gUga$hu7EdrutavaHaP*ab!W#dr+yaku"},{"id":"4f4a0dfa-6e3a-4a2b-bad1-eb84b1b76ee9","contentKey":"s5s5ejuDru4uchuF2drUFuthaspAbepE"},{"id":"640f444e-0d59-4d9a-9502-d64658a9b51b","contentKey":"s5s5ejuDru4uchuF2drUFuthaspAbepE"},{"id":"176ecd3e-daec-40a2-80c8-c1674a5b6c67","contentKey":"GTYd1WymnucaxUmr8jpJEUTeTvFUnoU2"},{"id":"86b34976-8f41-475b-a386-385080dc6e83","contentKey":"s5s5ejuDru4uchuF2drUFuthaspAbepE"},{"id":"6dd86351-0191-4a3e-85cf-2a81647b830c","contentKey":"s5s5ejuDru4uchuF2drUFuthaspAbepE"},{"id":"720ee1f3-dc46-4ffc-a390-8bb035e7be26","contentKey":"s5s5ejuDru4uchuF2drUFuthaspAbepE"},{"id":"39fa1d65-b3ca-4726-b9e0-f3d2a404e5a4","contentKey":"s5s5ejuDru4uchuF2drUFuthaspAbepE"},{"id":"d78aa7a2-9680-417c-97da-01c9cfbf0c4b","contentKey":"s5s5ejuDru4uchuF2drUFuthaspAbepE"},{"id":"556c54e9-84aa-4922-a975-272ffdd6e681","contentKey":"mCcj5qYC4Grv8rkZjJ6wxEKsxm6HSb6W"},{"id":"f70cd69f-c76d-43f3-afe6-9523b81be9d9","contentKey":"gUga$hu7EdrutavaHaP*ab!W#dr+yaku"},{"id":"83cefe69-bf02-40d1-8225-0764847d8e39","contentKey":"s5s5ejuDru4uchuF2drUFuthaspAbepE"},{"id":"ce292d20-42e1-4873-a721-06507dbd54d4","contentKey":"zB0Vag6nxACK8fvUwyctFWkaKilvHwjZ"}]