[{"id":"1b99b77c-3caa-4aaa-8f79-f79f053e586f","contentKey":"s5s5ejuDru4uchuF2drUFuthaspAbepE"},{"id":"86b34976-8f41-475b-a386-385080dc6e83","contentKey":"s5s5ejuDru4uchuF2drUFuthaspAbepE"},{"id":"d3f7733c-865b-41a0-93aa-bf9f6a4c60b0","contentKey":"s5s5ejuDru4uchuF2drUFuthaspAbepE"},{"id":"6c2a425f-45f6-4636-9219-844876186179","contentKey":"6QgeSWC9iny2ZRRLpQonZWxeG2z18XiE"},{"id":"f0e46233-038b-4211-87b5-5082ce07b1b3","contentKey":"s5s5ejuDru4uchuF2drUFuthaspAbepE"},{"id":"a57f1e15-640c-43e3-9b34-56b151a1c94f","contentKey":"s5s5ejuDru4uchuF2drUFuthaspAbepE"},{"id":"3e7bf6c9-d526-4932-bf80-6bc1f05cc2f3","contentKey":"ySZUjY68KTvTmSFpEgswas2mqnr9vL7p"},{"id":"42fde774-37d4-4422-b374-89ff13a6535a","contentKey":"s5s5ejuDru4uchuF2drUFuthaspAbepE"},{"id":"e823767b-7337-49da-aaef-de616d2c2c3a","contentKey":"s5s5ejuDru4uchuF2drUFuthaspAbepE"},{"id":"8b8362a3-cd8c-4f48-9a49-b494659513b6","contentKey":"s5s5ejuDru4uchuF2drUFuthaspAbepE"},{"id":"050ac25f-3124-4acb-ad16-64b779f8255f","contentKey":"jhXUipNeq5ohY3cWRsoCrjSWpX4vc63h"},{"id":"ad96892a-81ba-4ae7-8862-5eae3894adde","contentKey":"RAJAUxRv2gB9GeZvbc7RcMZCpkav719r"},{"id":"7cec98d8-55cc-44fe-b0ae-2672b0b2bd37","contentKey":"s5s5ejuDru4uchuF2drUFuthaspAbepE"},{"id":"392a42b5-bf0d-4b9b-b9fe-1fc5c4e37bf5","contentKey":"s5s5ejuDru4uchuF2drUFuthaspAbepE"},{"id":"d7519b5a-45ec-4d27-997c-89d402c6b57f","contentKey":"s5s5ejuDru4uchuF2drUFuthaspAbepE"},{"id":"ea8d8c0d-4e2a-49ec-9715-9adbb0625427","contentKey":"s5s5ejuDru4uchuF2drUFuthaspAbepE"},{"id":"61592657-b55f-2aba-78d6-05b9f1f75850","contentKey":"s5s5ejuDru4uchuF2drUFuthaspAbepE"},{"id":"f7fc6e83-8cd7-4f97-bead-ca21fcd96d85","contentKey":"2pAiecCAYB9bNP83ir7L7BP8iw8fmUhB"},{"id":"a09baf4e-8353-4d31-9c55-c8e223f3e3cd","contentKey":"s5s5ejuDru4uchuF2drUFuthaspAbepE"},{"id":"39fa1d65-b3ca-4726-b9e0-f3d2a404e5a4","contentKey":"s5s5ejuDru4uchuF2drUFuthaspAbepE"},{"id":"68077113-bb7e-4b1f-9a7e-b2b1c2ccc1bd","contentKey":"s5s5ejuDru4uchuF2drUFuthaspAbepE"},{"id":"e76f2b4a-a9c4-1b55-6444-bf5d49a0bb09","contentKey":"s5s5ejuDru4uchuF2drUFuthaspAbepE"},{"id":"202539ce-e6c5-40b5-a4a1-4296277d18f6","contentKey":"s5s5ejuDru4uchuF2drUFuthaspAbepE"},{"id":"6d9f24c0-6246-4c92-8169-4648d1981cbb","contentKey":"s5s5ejuDru4uchuF2drUFuthaspAbepE"},{"id":"39f190f1-2a1c-4f54-8e19-3227a0354916","contentKey":"s5s5ejuDru4uchuF2drUFuthaspAbepE"},{"id":"4621a07c-4921-4d3f-8356-0cfcf6393a3b","contentKey":"s5s5ejuDru4uchuF2drUFuthaspAbepE"},{"id":"4972c4c7-6eac-4e4c-b2d0-822b590b6fa7","contentKey":"s5s5ejuDru4uchuF2drUFuthaspAbepE"},{"id":"cd5f8a63-2c3d-4dd5-a4f7-8ac7f8f2269e","contentKey":"s5s5ejuDru4uchuF2drUFuthaspAbepE"}]