[{"id":"efc2f0f5-af00-4d9e-a4b1-78f18d63be79","contentKey":"s5s5ejuDru4uchuF2drUFuthaspAbepE"},{"id":"3d0fe1fb-5041-d828-8e71-06decdad6389","contentKey":"s5s5ejuDru4uchuF2drUFuthaspAbepE"},{"id":"9caf933f-ad58-43a6-8de0-0ce8faa4941c","contentKey":"s5s5ejuDru4uchuF2drUFuthaspAbepE"},{"id":"202539ce-e6c5-40b5-a4a1-4296277d18f6","contentKey":"s5s5ejuDru4uchuF2drUFuthaspAbepE"},{"id":"8119fe04-34fe-413e-9b6a-f62bd85caee9","contentKey":"s5s5ejuDru4uchuF2drUFuthaspAbepE"},{"id":"f811e431-a25e-49fc-a46e-b287990f421a","contentKey":"s5s5ejuDru4uchuF2drUFuthaspAbepE"},{"id":"01b36c69-9b4c-4f53-99b5-150d622bdb98","contentKey":"s5s5ejuDru4uchuF2drUFuthaspAbepE"},{"id":"5a7b957b-d9ef-fbef-a0ee-16c3234f991f","contentKey":"s5s5ejuDru4uchuF2drUFuthaspAbepE"},{"id":"4bad418d-89f1-8ed4-3af6-5b3843751748","contentKey":"s5s5ejuDru4uchuF2drUFuthaspAbepE"},{"id":"7952d6b5-c409-4924-959f-e53cf917f1ec","contentKey":"s5s5ejuDru4uchuF2drUFuthaspAbepE"},{"id":"18219eb4-d96f-4b8b-999a-6cbd1b65c58d","contentKey":"s5s5ejuDru4uchuF2drUFuthaspAbepE"},{"id":"0edb2000-7ca1-4aa6-a41f-b430faea9c21","contentKey":"s5s5ejuDru4uchuF2drUFuthaspAbepE"},{"id":"e4530f28-e85f-4b77-8a0c-c12eb33b51fe","contentKey":"s5s5ejuDru4uchuF2drUFuthaspAbepE"},{"id":"f245e851-9ac2-4750-a5a4-342f7a11c45d","contentKey":"oL839V8T5MmOZ54MELOLzIiQXPBsChAk"},{"id":"6af67ae4-f316-4df0-826e-d3ea06840872","contentKey":"s5s5ejuDru4uchuF2drUFuthaspAbepE"},{"id":"6d9f24c0-6246-4c92-8169-4648d1981cbb","contentKey":"s5s5ejuDru4uchuF2drUFuthaspAbepE"}]