[{"id":"990e019f-7373-44ac-a4a5-87d89d94b270","contentKey":"s5s5ejuDru4uchuF2drUFuthaspAbepE"},{"id":"83d2bdf7-4843-389b-2f49-e03d2fbab233","contentKey":"s5s5ejuDru4uchuF2drUFuthaspAbepE"},{"id":"9cbece23-1fa9-42d6-2c93-9a3eaef3d7cb","contentKey":"s5s5ejuDru4uchuF2drUFuthaspAbepE"},{"id":"d3f7733c-865b-41a0-93aa-bf9f6a4c60b0","contentKey":"s5s5ejuDru4uchuF2drUFuthaspAbepE"},{"id":"89e1a31d-9ea4-e7ee-e2cc-a1a1716baa2b","contentKey":"s5s5ejuDru4uchuF2drUFuthaspAbepE"},{"id":"ba59630e-8682-6cf4-7e56-9cb35e053f5c","contentKey":"oP0GL78LkBnfyHKKRVpzhtsB12EVh68p"},{"id":"2b3bdba0-d3fc-44e1-bd23-9ae2d899e453","contentKey":"s5s5ejuDru4uchuF2drUFuthaspAbepE"},{"id":"d53a409b-8f5e-b89f-b0e1-ee2e87d48837","contentKey":"s5s5ejuDru4uchuF2drUFuthaspAbepE"},{"id":"b99ab28a-ebd6-06b6-d79b-d023b867d1c2","contentKey":"s5s5ejuDru4uchuF2drUFuthaspAbepE"},{"id":"2ce064d4-a6fc-4f06-7b5d-7c57bf788bd7","contentKey":"s5s5ejuDru4uchuF2drUFuthaspAbepE"},{"id":"46204857-592c-4f55-a584-318b983b97e2","contentKey":"s5s5ejuDru4uchuF2drUFuthaspAbepE"},{"id":"dd7cc9a1-37aa-41bf-b5c5-fd0f9cc24bbd","contentKey":"s5s5ejuDru4uchuF2drUFuthaspAbepE"},{"id":"0edb2000-7ca1-4aa6-a41f-b430faea9c21","contentKey":"s5s5ejuDru4uchuF2drUFuthaspAbepE"},{"id":"d9713f25-5641-1cb2-ec4f-916e74c568fe","contentKey":"s5s5ejuDru4uchuF2drUFuthaspAbepE"},{"id":"4bad418d-89f1-8ed4-3af6-5b3843751748","contentKey":"s5s5ejuDru4uchuF2drUFuthaspAbepE"},{"id":"e53e6a9f-aebb-4e43-3127-941114874f40","contentKey":"s5s5ejuDru4uchuF2drUFuthaspAbepE"},{"id":"22c91934-14f2-3894-9440-06b3618246ec","contentKey":"s5s5ejuDru4uchuF2drUFuthaspAbepE"},{"id":"a421aaa7-b5f7-43ae-b3e6-546d4108407f","contentKey":"s5s5ejuDru4uchuF2drUFuthaspAbepE"},{"id":"efc2f0f5-af00-4d9e-a4b1-78f18d63be79","contentKey":"s5s5ejuDru4uchuF2drUFuthaspAbepE"},{"id":"d39c7614-9675-ccec-b04d-e077454b1191","contentKey":"s5s5ejuDru4uchuF2drUFuthaspAbepE"},{"id":"5924b137-9943-205c-e736-8a414342438f","contentKey":"s5s5ejuDru4uchuF2drUFuthaspAbepE"},{"id":"202539ce-e6c5-40b5-a4a1-4296277d18f6","contentKey":"s5s5ejuDru4uchuF2drUFuthaspAbepE"},{"id":"ae9853fa-c41a-40ac-b95e-66dd5e6f0837","contentKey":"hP6IWm8eYcysUbIiYWdP0a23NCbbWSaT"},{"id":"05af18ca-920f-4232-83cb-133b2d913dd6","contentKey":"s5s5ejuDru4uchuF2drUFuthaspAbepE"},{"id":"6878119d-b606-43e7-aecd-9a4df74d06a7","contentKey":"s5s5ejuDru4uchuF2drUFuthaspAbepE"},{"id":"6f1092cd-8e64-43d1-a369-203f88fdb7b5","contentKey":"bA0tAPFeVMOaYIdzm28ZoO6JEjIqlLPR"},{"id":"57631d1b-c4d8-4c26-9e3e-a75fee2e8594","contentKey":"s5s5ejuDru4uchuF2drUFuthaspAbepE"},{"id":"f0e46233-038b-4211-87b5-5082ce07b1b3","contentKey":"s5s5ejuDru4uchuF2drUFuthaspAbepE"},{"id":"86b34976-8f41-475b-a386-385080dc6e83","contentKey":"s5s5ejuDru4uchuF2drUFuthaspAbepE"},{"id":"662ea79d-a49e-49c4-b31c-66eb2ba1a9c6","contentKey":"s5s5ejuDru4uchuF2drUFuthaspAbepE"},{"id":"4ab16a69-a631-ba66-b662-aac42d7ba5e4","contentKey":"s5s5ejuDru4uchuF2drUFuthaspAbepE"},{"id":"874fba77-ab90-4a2f-9b30-8ae8b092f774","contentKey":"sP0kzFGvj8xOSMryreUeKPPU2JvOvGPX"},{"id":"33ff4703-dbcb-4dfc-b47a-86f03cdc02bf","contentKey":"s5s5ejuDru4uchuF2drUFuthaspAbepE"},{"id":"af1b2d52-7491-48d6-15b4-239f4ae5161f","contentKey":"s5s5ejuDru4uchuF2drUFuthaspAbepE"},{"id":"04019d2d-b077-7dc1-1342-7ebfb054f5da","contentKey":"s5s5ejuDru4uchuF2drUFuthaspAbepE"},{"id":"28c1ec07-d699-4d11-a98a-ee5b24746e2b","contentKey":"s5s5ejuDru4uchuF2drUFuthaspAbepE"},{"id":"5c7f21f3-2cac-46dc-81fb-7ccfaa5b5ad2","contentKey":"s5s5ejuDru4uchuF2drUFuthaspAbepE"},{"id":"03a3bb63-525f-4913-a890-06bac54c3655","contentKey":"s5s5ejuDru4uchuF2drUFuthaspAbepE"},{"id":"e0f86a38-67d8-6c27-66b1-7a9ab1aab354","contentKey":"s5s5ejuDru4uchuF2drUFuthaspAbepE"},{"id":"85c20542-6590-421e-4672-9e8e4c4240da","contentKey":"s5s5ejuDru4uchuF2drUFuthaspAbepE"},{"id":"c5673bc5-bc1e-4716-757f-14552b9cfa4e","contentKey":"s5s5ejuDru4uchuF2drUFuthaspAbepE"},{"id":"c7790a81-603a-55bb-5c01-7cf2df427470","contentKey":"s5s5ejuDru4uchuF2drUFuthaspAbepE"},{"id":"5a7b957b-d9ef-fbef-a0ee-16c3234f991f","contentKey":"s5s5ejuDru4uchuF2drUFuthaspAbepE"},{"id":"c00599a7-087f-a931-23ee-b432ea48eb57","contentKey":"s5s5ejuDru4uchuF2drUFuthaspAbepE"},{"id":"443883dd-e23a-8772-0f8a-9333da67431b","contentKey":"s5s5ejuDru4uchuF2drUFuthaspAbepE"},{"id":"e4530f28-e85f-4b77-8a0c-c12eb33b51fe","contentKey":"s5s5ejuDru4uchuF2drUFuthaspAbepE"},{"id":"e8867d02-9cbb-470c-9f11-70f890c8857a","contentKey":"vT43N0Angfr6y5toO7cvc361Qur2LRVp"},{"id":"2d6fada4-4a15-49f1-880d-908d796b10a6","contentKey":"s5s5ejuDru4uchuF2drUFuthaspAbepE"},{"id":"aa678ead-e25b-535e-c4b6-de6d62802f95","contentKey":"s5s5ejuDru4uchuF2drUFuthaspAbepE"},{"id":"964237b8-f241-c2a9-987b-48e2ff0eba74","contentKey":"s5s5ejuDru4uchuF2drUFuthaspAbepE"},{"id":"e6d956af-de69-4d69-a51f-6aaabf7b9d75","contentKey":"s5s5ejuDru4uchuF2drUFuthaspAbepE"},{"id":"5fb957e4-b4d9-e603-a5e8-9d0d279ff70d","contentKey":"s5s5ejuDru4uchuF2drUFuthaspAbepE"},{"id":"3bce462f-fdd9-45fb-a3a7-bc83b01cbb92","contentKey":"s5s5ejuDru4uchuF2drUFuthaspAbepE"},{"id":"82044623-f69a-4231-a8b6-fb6c12b97eea","contentKey":"s5s5ejuDru4uchuF2drUFuthaspAbepE"},{"id":"880f5304-f8ca-4787-817b-6a2e6fb44688","contentKey":"s5s5ejuDru4uchuF2drUFuthaspAbepE"},{"id":"b5b979ba-7b56-4150-9f3f-d01f8bcba43c","contentKey":"s5s5ejuDru4uchuF2drUFuthaspAbepE"},{"id":"ab5c6c2c-e9e1-4087-ac1a-98b768e3df7c","contentKey":"xR3fjzUqsZWMzqtkhitEsEVm0OfvGEBJ"},{"id":"7952d6b5-c409-4924-959f-e53cf917f1ec","contentKey":"s5s5ejuDru4uchuF2drUFuthaspAbepE"},{"id":"6a70b06b-5ee1-4147-9db1-6627683ea395","contentKey":"s5s5ejuDru4uchuF2drUFuthaspAbepE"},{"id":"f1a74b9c-f747-4c8e-a0ca-c47816ad2177","contentKey":"jI7yc2uVjSXxT7NbUruzcuskx93YdaNq"},{"id":"a5269c74-64ad-4dc5-86b5-fd3de7783ecf","contentKey":"s5s5ejuDru4uchuF2drUFuthaspAbepE"},{"id":"5795f1f1-251d-d7a9-e287-58eab45f5419","contentKey":"s5s5ejuDru4uchuF2drUFuthaspAbepE"},{"id":"08a96e76-7801-8a44-c42d-06d9d6aaee15","contentKey":"s5s5ejuDru4uchuF2drUFuthaspAbepE"},{"id":"f250d344-6b30-466c-9cc9-4a12bc822bdf","contentKey":"s5s5ejuDru4uchuF2drUFuthaspAbepE"},{"id":"15510e09-b207-4439-aae3-c26300c653ff","contentKey":"s5s5ejuDru4uchuF2drUFuthaspAbepE"},{"id":"a084a471-3569-4780-8c51-873031e9b4b7","contentKey":"s5s5ejuDru4uchuF2drUFuthaspAbepE"},{"id":"d6bf5729-26c9-e255-330f-2f8ced0e6bfd","contentKey":"s5s5ejuDru4uchuF2drUFuthaspAbepE"},{"id":"4a58320c-b5f5-8133-0c6b-43352b92c2ef","contentKey":"s5s5ejuDru4uchuF2drUFuthaspAbepE"},{"id":"05ead86c-572c-40c8-8cb0-8733a7894185","contentKey":"s5s5ejuDru4uchuF2drUFuthaspAbepE"},{"id":"cc294908-67d5-11ec-942b-00e04c239987","contentKey":"s5s5ejuDru4uchuF2drUFuthaspAbepE"},{"id":"8f242985-689c-4c6c-a82d-85d19959c4ff","contentKey":"s5s5ejuDru4uchuF2drUFuthaspAbepE"},{"id":"ccd652a5-c4f3-49b3-8399-60d4a6b2b328","contentKey":"s5s5ejuDru4uchuF2drUFuthaspAbepE"},{"id":"43604b2d-eafa-4e6e-beb8-09644cb45b89","contentKey":"s5s5ejuDru4uchuF2drUFuthaspAbepE"},{"id":"0a533901-fb15-44da-9f46-dc81d18335e0","contentKey":"cY3jtSMlrjlNMV3Xww2zz2ubuJe61vBw"},{"id":"957fa0ca-3b7e-4d00-ec51-6f5b87f4dd51","contentKey":"s5s5ejuDru4uchuF2drUFuthaspAbepE"},{"id":"42fde774-37d4-4422-b374-89ff13a6535a","contentKey":"s5s5ejuDru4uchuF2drUFuthaspAbepE"},{"id":"4621a07c-4921-4d3f-8356-0cfcf6393a3b","contentKey":"s5s5ejuDru4uchuF2drUFuthaspAbepE"},{"id":"38e49c0d-91e6-4fd1-a73a-157ae4d6089b","contentKey":"s5s5ejuDru4uchuF2drUFuthaspAbepE"},{"id":"65c3f9ef-ad76-4deb-89b4-d181dc572995","contentKey":"bV5MWIjUAY6ipPPP4BvgypWp8GS7SCBP"},{"id":"b7d9d91f-6772-6ddc-40e1-71b662f5decd","contentKey":"s5s5ejuDru4uchuF2drUFuthaspAbepE"},{"id":"61592657-b55f-2aba-78d6-05b9f1f75850","contentKey":"s5s5ejuDru4uchuF2drUFuthaspAbepE"},{"id":"cdd51ccc-a7dd-4a3c-bddb-b75081dd91f7","contentKey":"s5s5ejuDru4uchuF2drUFuthaspAbepE"},{"id":"b2a06411-3095-7082-b43c-966ea1686277","contentKey":"s5s5ejuDru4uchuF2drUFuthaspAbepE"},{"id":"3c024a0b-bbcb-4670-a731-f60607272b6f","contentKey":"s5s5ejuDru4uchuF2drUFuthaspAbepE"},{"id":"96e8daad-3d7a-4818-bc25-2c815fb3bbc2","contentKey":"s5s5ejuDru4uchuF2drUFuthaspAbepE"},{"id":"2e23eff9-01ca-4a9d-2186-803735c7b83c","contentKey":"s5s5ejuDru4uchuF2drUFuthaspAbepE"},{"id":"386eac21-45f3-43bb-ba0c-2cc4c215292a","contentKey":"hB8XHUiRa03MHXGKwddppHeERtO4bYXj"},{"id":"87f20d46-06b2-4fdc-9d01-2a29df70687d","contentKey":"s5s5ejuDru4uchuF2drUFuthaspAbepE"},{"id":"cd5f8a63-2c3d-4dd5-a4f7-8ac7f8f2269e","contentKey":"s5s5ejuDru4uchuF2drUFuthaspAbepE"},{"id":"2933373c-25a7-f645-d436-1b833932c7a7","contentKey":"s5s5ejuDru4uchuF2drUFuthaspAbepE"},{"id":"957b045a-6477-421c-c20d-de4aee743ce2","contentKey":"s5s5ejuDru4uchuF2drUFuthaspAbepE"},{"id":"3d0ea252-ba54-4665-90b1-a78054ca231e","contentKey":"hL4ZJstFPXbyBWP2lnxUJsq3ViHBa9lv"},{"id":"dae126f1-142a-d212-0a1f-6fcf7f58c88d","contentKey":"s5s5ejuDru4uchuF2drUFuthaspAbepE"},{"id":"38d80051-c961-4cb9-aad9-06768bfc09c6","contentKey":"s5s5ejuDru4uchuF2drUFuthaspAbepE"},{"id":"d87ca732-a970-4f83-acf2-3dea88c7d235","contentKey":"eN8C0Cbb8x1eXS2R1A1UWJlqLLxkUUNV"},{"id":"ad7fea54-d4e4-4afc-b269-296921ca26cf","contentKey":"s5s5ejuDru4uchuF2drUFuthaspAbepE"},{"id":"d72d1267-18d1-4fd3-a9a0-2d1dbea1cd70","contentKey":"s5s5ejuDru4uchuF2drUFuthaspAbepE"},{"id":"bef794a0-c6f2-4b3e-bd6b-dd7dcffeedfc","contentKey":"cO2xYGn8Mcev1NRNAjftzo2ZncYYxoSB"},{"id":"3c475341-0cba-d82d-6e7d-34cc905d188c","contentKey":"s5s5ejuDru4uchuF2drUFuthaspAbepE"},{"id":"d7519b5a-45ec-4d27-997c-89d402c6b57f","contentKey":"s5s5ejuDru4uchuF2drUFuthaspAbepE"},{"id":"f36dfcd0-8e75-4ac8-8d69-77b442250e90","contentKey":"wH7246pS7IiiGEdnKu6xkuKv9dStxWzi"},{"id":"e982ea21-1b3e-49b2-b96e-16c48419bd93","contentKey":"s5s5ejuDru4uchuF2drUFuthaspAbepE"},{"id":"1fd28046-1eaf-4cc7-8554-d28d8c57fd26","contentKey":"sQ6IvZny6Nv9C2I4rbCSOWzVXd4IHdHu"},{"id":"9c4c723f-5183-73cd-7961-1ba24558101a","contentKey":"s5s5ejuDru4uchuF2drUFuthaspAbepE"},{"id":"7cec98d8-55cc-44fe-b0ae-2672b0b2bd37","contentKey":"s5s5ejuDru4uchuF2drUFuthaspAbepE"},{"id":"86c6d0f5-f0dc-48a5-bcb9-bd4702ffc7b8","contentKey":"s5s5ejuDru4uchuF2drUFuthaspAbepE"},{"id":"db5c59cf-db04-4e32-93d1-15749e8cc8f5","contentKey":"s5s5ejuDru4uchuF2drUFuthaspAbepE"},{"id":"a0d301bf-88cb-f05a-1ad6-15abfd9ee1fc","contentKey":"s5s5ejuDru4uchuF2drUFuthaspAbepE"},{"id":"5e024728-6b52-3043-e45f-f7daf94dad8c","contentKey":"s5s5ejuDru4uchuF2drUFuthaspAbepE"},{"id":"fcbd5af0-f7d8-2585-b208-81e9f6bb502e","contentKey":"s5s5ejuDru4uchuF2drUFuthaspAbepE"},{"id":"838bdb6b-bf30-42ca-a4d8-e35865fba8e2","contentKey":"s5s5ejuDru4uchuF2drUFuthaspAbepE"},{"id":"bd45d0a5-b91c-a44b-61a4-da3173d70d54","contentKey":"s5s5ejuDru4uchuF2drUFuthaspAbepE"},{"id":"c19af148-1bb3-4e67-9e00-dfb3e627c09f","contentKey":"s5s5ejuDru4uchuF2drUFuthaspAbepE"},{"id":"f811e431-a25e-49fc-a46e-b287990f421a","contentKey":"s5s5ejuDru4uchuF2drUFuthaspAbepE"},{"id":"1e53d2b5-1e30-48a6-b3e4-52f5f78434ef","contentKey":"hA2OnNugbGeEWHoymRpG3fPqqQbLtUXV"},{"id":"a77195c8-30e2-4ad6-868e-4c56ca7dc580","contentKey":"s5s5ejuDru4uchuF2drUFuthaspAbepE"},{"id":"e76f2b4a-a9c4-1b55-6444-bf5d49a0bb09","contentKey":"s5s5ejuDru4uchuF2drUFuthaspAbepE"},{"id":"d0c74562-fb24-cc54-4704-28f7eaf18172","contentKey":"s5s5ejuDru4uchuF2drUFuthaspAbepE"},{"id":"39f190f1-2a1c-4f54-8e19-3227a0354916","contentKey":"s5s5ejuDru4uchuF2drUFuthaspAbepE"},{"id":"c5394852-cd7a-454c-8f33-488f8b5c7e44","contentKey":"iZ3OUQhp3p2z29FTEZZHxOzqlEbKirvi"},{"id":"6af67ae4-f316-4df0-826e-d3ea06840872","contentKey":"s5s5ejuDru4uchuF2drUFuthaspAbepE"},{"id":"9e328eb6-bc9c-4c3c-a064-6062790542ec","contentKey":"s5s5ejuDru4uchuF2drUFuthaspAbepE"},{"id":"e4351951-53cb-f6e8-c746-85866b5bc345","contentKey":"s5s5ejuDru4uchuF2drUFuthaspAbepE"},{"id":"3d0fe1fb-5041-d828-8e71-06decdad6389","contentKey":"s5s5ejuDru4uchuF2drUFuthaspAbepE"},{"id":"9caf933f-ad58-43a6-8de0-0ce8faa4941c","contentKey":"s5s5ejuDru4uchuF2drUFuthaspAbepE"},{"id":"b102e9cf-b0b4-47d9-a8f0-b40970d9a962","contentKey":"s5s5ejuDru4uchuF2drUFuthaspAbepE"},{"id":"98836042-d822-07f5-3085-a10b5d3313f9","contentKey":"s5s5ejuDru4uchuF2drUFuthaspAbepE"},{"id":"4ea68884-4a2c-4668-8096-fc29c003df0b","contentKey":"s5s5ejuDru4uchuF2drUFuthaspAbepE"},{"id":"8cb2deb9-0ad4-8a32-d9ce-b40350d71129","contentKey":"s5s5ejuDru4uchuF2drUFuthaspAbepE"},{"id":"efc51f9b-08da-bcbe-b9c9-c51c9dcc1b4e","contentKey":"s5s5ejuDru4uchuF2drUFuthaspAbepE"},{"id":"6d9f24c0-6246-4c92-8169-4648d1981cbb","contentKey":"s5s5ejuDru4uchuF2drUFuthaspAbepE"},{"id":"5335a95d-663c-4d38-8cd3-77d664cebba8","contentKey":"cZ9Sj6asukVF1euPaOZuVI7Hz60JCMnR"},{"id":"648c08dc-8187-f1ea-d01f-2715a6769574","contentKey":"s5s5ejuDru4uchuF2drUFuthaspAbepE"},{"id":"01a31497-1cf6-4ea9-a520-7dde94d68c7f","contentKey":"s5s5ejuDru4uchuF2drUFuthaspAbepE"},{"id":"5136801f-b27f-41ab-9f99-e0cb7ec3f2a4","contentKey":"tB5mkW0Hc8KsYLy5qqU6pgfOCpZmwsjX"},{"id":"6f5af2cd-6d4b-474d-84ca-b7efe7a4cbef","contentKey":"iJ5upMtN23fYPCzNH7Y83ihKGu6ni8AC"},{"id":"100a470a-f06a-427a-b62d-168f3ceecf92","contentKey":"lG9zCwIMNy5n1RcVm6hymXe2JefSBbpN"},{"id":"18891e6c-bb3d-47f6-bc15-265605d86525","contentKey":"s5s5ejuDru4uchuF2drUFuthaspAbepE"},{"id":"3e9d6428-9e7e-18e0-e1bf-9187d7835436","contentKey":"s5s5ejuDru4uchuF2drUFuthaspAbepE"},{"id":"b77f07d2-1580-8c14-c2ae-df13a0411a65","contentKey":"s5s5ejuDru4uchuF2drUFuthaspAbepE"},{"id":"3ec8d520-c052-cb32-3d5d-8ad95e0a57d9","contentKey":"s5s5ejuDru4uchuF2drUFuthaspAbepE"},{"id":"68077113-bb7e-4b1f-9a7e-b2b1c2ccc1bd","contentKey":"s5s5ejuDru4uchuF2drUFuthaspAbepE"},{"id":"0dbd36a3-f809-4ba5-862e-c7f8e5b4a0a4","contentKey":"s5s5ejuDru4uchuF2drUFuthaspAbepE"},{"id":"5bd809ba-2faa-b4f9-6921-d290d6bdfd2a","contentKey":"s5s5ejuDru4uchuF2drUFuthaspAbepE"},{"id":"572bf2ae-b8ec-4c9e-91c3-463659b773fe","contentKey":"rO1uj7Pd39gH3IRBM9e5vPu0QP0Y0LlX"},{"id":"8119fe04-34fe-413e-9b6a-f62bd85caee9","contentKey":"s5s5ejuDru4uchuF2drUFuthaspAbepE"},{"id":"8588ce86-685a-47c8-967f-b7eded0a7f60","contentKey":"s5s5ejuDru4uchuF2drUFuthaspAbepE"}]