[{"id":"c2f53450-e3c6-445b-ade9-c53f18b8b215","contentKey":"PsP6x3F3zcsN7gjMCrivWLfsoYPQkLxB"},{"id":"96e8daad-3d7a-4818-bc25-2c815fb3bbc2","contentKey":"s5s5ejuDru4uchuF2drUFuthaspAbepE"},{"id":"46204857-592c-4f55-a584-318b983b97e2","contentKey":"s5s5ejuDru4uchuF2drUFuthaspAbepE"},{"id":"6d8c5591-2f79-47fb-90e0-fb8d9675e1ed","contentKey":"jctck6NEhpfohUQShbvfngCQ8dwkUi3S"},{"id":"6af67ae4-f316-4df0-826e-d3ea06840872","contentKey":"s5s5ejuDru4uchuF2drUFuthaspAbepE"},{"id":"9cbece23-1fa9-42d6-2c93-9a3eaef3d7cb","contentKey":"s5s5ejuDru4uchuF2drUFuthaspAbepE"},{"id":"b4817456-0813-4a35-a1bb-43ed39edc87f","contentKey":"s5s5ejuDru4uchuF2drUFuthaspAbepE"},{"id":"abc9f724-86a8-4d4f-a354-6398d079d4d5","contentKey":"cF9jziaijClXONbiGTgO4RUfA2Arq4Xw"},{"id":"5924b137-9943-205c-e736-8a414342438f","contentKey":"s5s5ejuDru4uchuF2drUFuthaspAbepE"},{"id":"b6afd18f-9fd5-47b6-a41c-4792ba929f23","contentKey":"s5s5ejuDru4uchuF2drUFuthaspAbepE"},{"id":"d7519b5a-45ec-4d27-997c-89d402c6b57f","contentKey":"s5s5ejuDru4uchuF2drUFuthaspAbepE"},{"id":"7de76407-0680-4b5e-8ce0-5a256fc53787","contentKey":"jJ7PBFj6PhccdKeZ1wKUjPkxTBpVCX2z"},{"id":"ba59630e-8682-6cf4-7e56-9cb35e053f5c","contentKey":"oP0GL78LkBnfyHKKRVpzhtsB12EVh68p"},{"id":"d9713f25-5641-1cb2-ec4f-916e74c568fe","contentKey":"s5s5ejuDru4uchuF2drUFuthaspAbepE"},{"id":"7cec98d8-55cc-44fe-b0ae-2672b0b2bd37","contentKey":"s5s5ejuDru4uchuF2drUFuthaspAbepE"},{"id":"874fba77-ab90-4a2f-9b30-8ae8b092f774","contentKey":"sP0kzFGvj8xOSMryreUeKPPU2JvOvGPX"},{"id":"5795f1f1-251d-d7a9-e287-58eab45f5419","contentKey":"s5s5ejuDru4uchuF2drUFuthaspAbepE"},{"id":"2733ac0c-d767-4e7c-b595-76edfe2b060d","contentKey":"s5s5ejuDru4uchuF2drUFuthaspAbepE"},{"id":"b77f07d2-1580-8c14-c2ae-df13a0411a65","contentKey":"s5s5ejuDru4uchuF2drUFuthaspAbepE"},{"id":"2933373c-25a7-f645-d436-1b833932c7a7","contentKey":"s5s5ejuDru4uchuF2drUFuthaspAbepE"},{"id":"91a949d4-2c92-4d39-9639-8cc54e279c31","contentKey":"lK03i6oU7JcaTw8FkbGKRHYUpX1eVNrq"},{"id":"f73518e4-10b6-4eaa-a088-7b246483694e","contentKey":"s5s5ejuDru4uchuF2drUFuthaspAbepE"},{"id":"0a533901-fb15-44da-9f46-dc81d18335e0","contentKey":"cY3jtSMlrjlNMV3Xww2zz2ubuJe61vBw"},{"id":"6dd86351-0191-4a3e-85cf-2a81647b830c","contentKey":"s5s5ejuDru4uchuF2drUFuthaspAbepE"},{"id":"d845e70c-6288-4078-b666-13ea251eaae4","contentKey":"rbcJmpHmwrpAZYYeb5jCZaqTjgPmMV8n"},{"id":"e76f2b4a-a9c4-1b55-6444-bf5d49a0bb09","contentKey":"s5s5ejuDru4uchuF2drUFuthaspAbepE"},{"id":"59bf2ae2-513f-4eb5-b0db-e1bd1c9f610e","contentKey":"fK5Bf6kChYb951j2mM4EHZCPo9FYPEeB"},{"id":"4ab16a69-a631-ba66-b662-aac42d7ba5e4","contentKey":"s5s5ejuDru4uchuF2drUFuthaspAbepE"},{"id":"98330b0a-2c79-4d30-b9c8-136098340edc","contentKey":"wt3q5wPdS3jUnEdB4TR2FT2xFgAkyHZ6"},{"id":"69bfcefb-fc69-4593-97a7-d85dd51b6bd3","contentKey":"3rrqGo2wBookv2eQw8p7sEqvJptxRpmi"},{"id":"82c5a20e-9771-454d-9dcb-1054462f0114","contentKey":"s5s5ejuDru4uchuF2drUFuthaspAbepE"},{"id":"f7fc6e83-8cd7-4f97-bead-ca21fcd96d85","contentKey":"2pAiecCAYB9bNP83ir7L7BP8iw8fmUhB"},{"id":"c52398de-9337-4fd4-ab09-9f1352f8aab7","contentKey":"s5s5ejuDru4uchuF2drUFuthaspAbepE"},{"id":"6fef41b8-4000-4afc-ae5d-03b08755a8e4","contentKey":"s5s5ejuDru4uchuF2drUFuthaspAbepE"},{"id":"5fb957e4-b4d9-e603-a5e8-9d0d279ff70d","contentKey":"s5s5ejuDru4uchuF2drUFuthaspAbepE"},{"id":"4a58320c-b5f5-8133-0c6b-43352b92c2ef","contentKey":"s5s5ejuDru4uchuF2drUFuthaspAbepE"},{"id":"f52e5ea6-d541-44d6-9c37-54cad9b0ff95","contentKey":"s5s5ejuDru4uchuF2drUFuthaspAbepE"},{"id":"c5673bc5-bc1e-4716-757f-14552b9cfa4e","contentKey":"s5s5ejuDru4uchuF2drUFuthaspAbepE"},{"id":"83d2bdf7-4843-389b-2f49-e03d2fbab233","contentKey":"s5s5ejuDru4uchuF2drUFuthaspAbepE"},{"id":"61592657-b55f-2aba-78d6-05b9f1f75850","contentKey":"s5s5ejuDru4uchuF2drUFuthaspAbepE"},{"id":"04019d2d-b077-7dc1-1342-7ebfb054f5da","contentKey":"s5s5ejuDru4uchuF2drUFuthaspAbepE"},{"id":"5554c01a-83da-4b70-a582-94fb0ca48e9d","contentKey":"hT27WZaHw1nTxNSHV7ws328YXx2mhhwp"},{"id":"96fee348-f9ee-4ce6-a454-5f575d84a5b4","contentKey":"pV0ki9itBoZmpQNic6UGuF1jFLmSzKX1"},{"id":"b5244334-f547-4fbe-ac74-2058f88b7ed3","contentKey":"s5s5ejuDru4uchuF2drUFuthaspAbepE"},{"id":"08a96e76-7801-8a44-c42d-06d9d6aaee15","contentKey":"s5s5ejuDru4uchuF2drUFuthaspAbepE"},{"id":"f249064b-ef8d-44d3-b52b-308e392564d2","contentKey":"bU28fnXwt8Z48trdKWmWd6T71mRJ58KN"},{"id":"efc51f9b-08da-bcbe-b9c9-c51c9dcc1b4e","contentKey":"s5s5ejuDru4uchuF2drUFuthaspAbepE"},{"id":"392a42b5-bf0d-4b9b-b9fe-1fc5c4e37bf5","contentKey":"s5s5ejuDru4uchuF2drUFuthaspAbepE"},{"id":"f24b573c-df92-419a-b353-b8d67f76d4fd","contentKey":"s5s5ejuDru4uchuF2drUFuthaspAbepE"},{"id":"b7d9d91f-6772-6ddc-40e1-71b662f5decd","contentKey":"s5s5ejuDru4uchuF2drUFuthaspAbepE"},{"id":"aebce8ef-e8c3-40b9-ac5c-f7f3b25cffb4","contentKey":"s5s5ejuDru4uchuF2drUFuthaspAbepE"},{"id":"3ec8d520-c052-cb32-3d5d-8ad95e0a57d9","contentKey":"s5s5ejuDru4uchuF2drUFuthaspAbepE"},{"id":"a57f1e15-640c-43e3-9b34-56b151a1c94f","contentKey":"s5s5ejuDru4uchuF2drUFuthaspAbepE"},{"id":"0aabc3c4-8617-83e3-a215-75b3923a1209","contentKey":"s5s5ejuDru4uchuF2drUFuthaspAbepE"},{"id":"d3a6b43b-8e3e-454d-976c-12f72642b603","contentKey":"hpJEaL9MYpFwEL2ir7TE7AZJRHBkf92h"},{"id":"3af01d0d-e7e2-4c46-ae8b-5997e87ec58e","contentKey":"pL3bspqkbMBpsBGoEAlfG36RfrrcrFr2"},{"id":"0058041a-67e0-4c76-b6f9-04b506433829","contentKey":"wQ6UMIiKQGNJJ18pN9rZarpbWiYwcESP"},{"id":"f074f797-b073-4765-9d5f-190fad3a16de","contentKey":"s5s5ejuDru4uchuF2drUFuthaspAbepE"},{"id":"c5394852-cd7a-454c-8f33-488f8b5c7e44","contentKey":"iZ3OUQhp3p2z29FTEZZHxOzqlEbKirvi"},{"id":"9c4c723f-5183-73cd-7961-1ba24558101a","contentKey":"s5s5ejuDru4uchuF2drUFuthaspAbepE"},{"id":"efc2f0f5-af00-4d9e-a4b1-78f18d63be79","contentKey":"s5s5ejuDru4uchuF2drUFuthaspAbepE"},{"id":"42fde774-37d4-4422-b374-89ff13a6535a","contentKey":"s5s5ejuDru4uchuF2drUFuthaspAbepE"},{"id":"486f4d26-c2bd-45ba-80f1-6d7e7af02aff","contentKey":"s5s5ejuDru4uchuF2drUFuthaspAbepE"},{"id":"c19af148-1bb3-4e67-9e00-dfb3e627c09f","contentKey":"s5s5ejuDru4uchuF2drUFuthaspAbepE"},{"id":"d67e0018-f78b-4ea8-ba2b-2917ecbc5e05","contentKey":"jQ8WHygLjstuC6ofzShVvW1Me6nsWQw3"},{"id":"ed4a8a37-4ea9-41fa-98d1-155a72af550c","contentKey":"hO5XflRc1EZnlQw4hRVHmqLCVnnJysMu"},{"id":"6c2a425f-45f6-4636-9219-844876186179","contentKey":"6QgeSWC9iny2ZRRLpQonZWxeG2z18XiE"},{"id":"6b1710a2-b271-4f3b-9aba-a72aba9915e8","contentKey":"aJ75j2hS91TTLFPYQYTSav7m1lsfHtwJ"},{"id":"8b8362a3-cd8c-4f48-9a49-b494659513b6","contentKey":"s5s5ejuDru4uchuF2drUFuthaspAbepE"},{"id":"e8ad3b41-ddd3-4247-907b-090419cdb7ca","contentKey":"a6m9ePkHwm2F9pzt7XKcvnnemXWudQge"},{"id":"c7790a81-603a-55bb-5c01-7cf2df427470","contentKey":"s5s5ejuDru4uchuF2drUFuthaspAbepE"},{"id":"5e024728-6b52-3043-e45f-f7daf94dad8c","contentKey":"s5s5ejuDru4uchuF2drUFuthaspAbepE"},{"id":"f2c9ef8d-690b-41df-9682-d85225774b77","contentKey":"s5s5ejuDru4uchuF2drUFuthaspAbepE"},{"id":"4f3c134c-bf7f-49d3-abc3-28ffd6963768","contentKey":"6MihJGG5kmatHxsiJJ1UNZeQci5uTW1Q"},{"id":"22c91934-14f2-3894-9440-06b3618246ec","contentKey":"s5s5ejuDru4uchuF2drUFuthaspAbepE"},{"id":"957fa0ca-3b7e-4d00-ec51-6f5b87f4dd51","contentKey":"s5s5ejuDru4uchuF2drUFuthaspAbepE"},{"id":"39fa1d65-b3ca-4726-b9e0-f3d2a404e5a4","contentKey":"s5s5ejuDru4uchuF2drUFuthaspAbepE"},{"id":"648c08dc-8187-f1ea-d01f-2715a6769574","contentKey":"s5s5ejuDru4uchuF2drUFuthaspAbepE"},{"id":"d3f7733c-865b-41a0-93aa-bf9f6a4c60b0","contentKey":"s5s5ejuDru4uchuF2drUFuthaspAbepE"},{"id":"fcbd5af0-f7d8-2585-b208-81e9f6bb502e","contentKey":"s5s5ejuDru4uchuF2drUFuthaspAbepE"},{"id":"9dca219e-f99c-49a1-8223-34c51e916493","contentKey":"LWvmWr4gAExfjVnxJRhKFMsJVU8LZHqh"},{"id":"c0ff065c-aa52-e702-6013-273c8f18d77f","contentKey":"s5s5ejuDru4uchuF2drUFuthaspAbepE"},{"id":"100a470a-f06a-427a-b62d-168f3ceecf92","contentKey":"lG9zCwIMNy5n1RcVm6hymXe2JefSBbpN"},{"id":"c00599a7-087f-a931-23ee-b432ea48eb57","contentKey":"s5s5ejuDru4uchuF2drUFuthaspAbepE"},{"id":"2a0238b2-f251-4d3d-adbe-4e0554e04dbd","contentKey":"sG6izYF1Yjxtc7yINOaVRBZ4wyz0zbaK"},{"id":"ccd652a5-c4f3-49b3-8399-60d4a6b2b328","contentKey":"s5s5ejuDru4uchuF2drUFuthaspAbepE"},{"id":"69f95053-6ee7-42f6-8abb-bcacded51331","contentKey":"mU5Fd7iHPOzAOrGvKTUfMbuHTMmUTHfB"},{"id":"8cb2deb9-0ad4-8a32-d9ce-b40350d71129","contentKey":"s5s5ejuDru4uchuF2drUFuthaspAbepE"},{"id":"2cd027b1-ff2d-4acb-b06b-3c5c49b3bd15","contentKey":"SSMYjtZHqUrk5Zc8gNbHs3j5j1tS31NN"},{"id":"e1538c54-538b-46c2-a5cb-ef295f35bbda","contentKey":"s5s5ejuDru4uchuF2drUFuthaspAbepE"},{"id":"492acb44-dfd6-4ab2-b1d7-99914906f650","contentKey":"s5s5ejuDru4uchuF2drUFuthaspAbepE"},{"id":"e0f86a38-67d8-6c27-66b1-7a9ab1aab354","contentKey":"s5s5ejuDru4uchuF2drUFuthaspAbepE"},{"id":"a0d301bf-88cb-f05a-1ad6-15abfd9ee1fc","contentKey":"s5s5ejuDru4uchuF2drUFuthaspAbepE"},{"id":"d53a409b-8f5e-b89f-b0e1-ee2e87d48837","contentKey":"s5s5ejuDru4uchuF2drUFuthaspAbepE"},{"id":"aa678ead-e25b-535e-c4b6-de6d62802f95","contentKey":"s5s5ejuDru4uchuF2drUFuthaspAbepE"},{"id":"dacabf95-6be4-4ec5-b060-0ec9140860df","contentKey":"HMDpvidY6hXsNpNvNKTiPPBBZLDibgjy"},{"id":"222e66c9-21b4-4ed5-adae-7d485bf2c2f1","contentKey":"pT6S17ofnHJXap69xPBAUYRLbVXbICvq"},{"id":"05af18ca-920f-4232-83cb-133b2d913dd6","contentKey":"s5s5ejuDru4uchuF2drUFuthaspAbepE"},{"id":"7dcbec02-5072-4d78-9137-c3d9907d0ad0","contentKey":"SmMgiQP3WEL62dFfry5WgCQowBKzS2Kq"},{"id":"2e23eff9-01ca-4a9d-2186-803735c7b83c","contentKey":"s5s5ejuDru4uchuF2drUFuthaspAbepE"},{"id":"176ecd3e-daec-40a2-80c8-c1674a5b6c67","contentKey":"GTYd1WymnucaxUmr8jpJEUTeTvFUnoU2"},{"id":"d0c74562-fb24-cc54-4704-28f7eaf18172","contentKey":"s5s5ejuDru4uchuF2drUFuthaspAbepE"},{"id":"b99ab28a-ebd6-06b6-d79b-d023b867d1c2","contentKey":"s5s5ejuDru4uchuF2drUFuthaspAbepE"},{"id":"c951fbde-3043-4a7c-807e-9bf74211fa07","contentKey":"fL4X2Mnbf1tQqROxzbwTRTEp67vBIsRe"},{"id":"9650b600-e4d8-4094-bc64-0664a4d176fe","contentKey":"s5s5ejuDru4uchuF2drUFuthaspAbepE"},{"id":"eed6203f-eeda-4d48-9ac8-443cc760fe6a","contentKey":"jU9dscbyyqxH5iE9L9A7JVnW83g6ijCO"},{"id":"898cbb66-a2d2-4acc-aed6-3722c3ddccb3","contentKey":"gI56uZbzzp45Pn7IMNcIXUIlMIoeSaRs"},{"id":"a5269c74-64ad-4dc5-86b5-fd3de7783ecf","contentKey":"s5s5ejuDru4uchuF2drUFuthaspAbepE"},{"id":"ce0cdac0-afc1-4044-9af5-a25d37748f9a","contentKey":"s5s5ejuDru4uchuF2drUFuthaspAbepE"},{"id":"e4351951-53cb-f6e8-c746-85866b5bc345","contentKey":"s5s5ejuDru4uchuF2drUFuthaspAbepE"},{"id":"c54167bb-d264-411b-bdeb-f44ed3fadf38","contentKey":"s5s5ejuDru4uchuF2drUFuthaspAbepE"},{"id":"8cb7e2b1-59bf-4861-bbde-e114a51fa58d","contentKey":"s5s5ejuDru4uchuF2drUFuthaspAbepE"},{"id":"123dd57a-226f-4895-a1bc-b3b69d3f44dd","contentKey":"Dyg7ExHp5ZHL3qEaddnJZYvT5mQGA4RV"},{"id":"e53e6a9f-aebb-4e43-3127-941114874f40","contentKey":"s5s5ejuDru4uchuF2drUFuthaspAbepE"},{"id":"98836042-d822-07f5-3085-a10b5d3313f9","contentKey":"s5s5ejuDru4uchuF2drUFuthaspAbepE"},{"id":"556c54e9-84aa-4922-a975-272ffdd6e681","contentKey":"mCcj5qYC4Grv8rkZjJ6wxEKsxm6HSb6W"},{"id":"bc7aae1a-2920-12f2-aee4-106c31fd86e0","contentKey":"s5s5ejuDru4uchuF2drUFuthaspAbepE"},{"id":"443883dd-e23a-8772-0f8a-9333da67431b","contentKey":"s5s5ejuDru4uchuF2drUFuthaspAbepE"},{"id":"a449e970-de4c-4a5f-8cb4-b23b44ee6d75","contentKey":"mtH9EsEzqyB1rx1awG9meVnowaMH5Mjx"},{"id":"18e61e9d-54a6-3d87-bb35-d0134cf486c1","contentKey":"s5s5ejuDru4uchuF2drUFuthaspAbepE"},{"id":"b2a06411-3095-7082-b43c-966ea1686277","contentKey":"s5s5ejuDru4uchuF2drUFuthaspAbepE"},{"id":"49cf4430-5981-429c-861d-c50e8d9b7d14","contentKey":"3h3SgkRmaedqfqgoSHkeA4PYCQmoj63x"},{"id":"1b576657-e67b-4c54-b440-a6e0e236bab8","contentKey":"s5s5ejuDru4uchuF2drUFuthaspAbepE"},{"id":"d39c7614-9675-ccec-b04d-e077454b1191","contentKey":"s5s5ejuDru4uchuF2drUFuthaspAbepE"},{"id":"89e1a31d-9ea4-e7ee-e2cc-a1a1716baa2b","contentKey":"s5s5ejuDru4uchuF2drUFuthaspAbepE"},{"id":"f0e46233-038b-4211-87b5-5082ce07b1b3","contentKey":"s5s5ejuDru4uchuF2drUFuthaspAbepE"},{"id":"f05bedc5-5391-4d3a-a0bc-dd017bafb0e5","contentKey":"zN7ZZz28Vv1nlFZT5ntTIJhYJHEWBIOV"},{"id":"3e9d6428-9e7e-18e0-e1bf-9187d7835436","contentKey":"s5s5ejuDru4uchuF2drUFuthaspAbepE"},{"id":"dae126f1-142a-d212-0a1f-6fcf7f58c88d","contentKey":"s5s5ejuDru4uchuF2drUFuthaspAbepE"},{"id":"0c513bf1-2ad4-469f-ac7b-f41be38b1b06","contentKey":"Zgo8sYxqpVkFPv7L7vNs7RUKCkpAtmHH"},{"id":"3c475341-0cba-d82d-6e7d-34cc905d188c","contentKey":"s5s5ejuDru4uchuF2drUFuthaspAbepE"},{"id":"050ac25f-3124-4acb-ad16-64b779f8255f","contentKey":"jhXUipNeq5ohY3cWRsoCrjSWpX4vc63h"},{"id":"386eac21-45f3-43bb-ba0c-2cc4c215292a","contentKey":"hB8XHUiRa03MHXGKwddppHeERtO4bYXj"},{"id":"63c30cec-6fe0-47da-b11f-415a10d54675","contentKey":"nE4dygxwvjKWPNHsGTXgFEbMCLQ4M2AM"},{"id":"bd45d0a5-b91c-a44b-61a4-da3173d70d54","contentKey":"s5s5ejuDru4uchuF2drUFuthaspAbepE"},{"id":"28e506f1-d107-4e01-8385-ddd99f7e349c","contentKey":"nL7f7CQQBkqhp95UcRktvYBrbll9Zqis"},{"id":"91f1971a-0c3a-4000-ad2e-75481394b4c3","contentKey":"wL9ZF5Mo8UzjGLUh3Ue3nzVvU9QsEUax"},{"id":"d6bf5729-26c9-e255-330f-2f8ced0e6bfd","contentKey":"s5s5ejuDru4uchuF2drUFuthaspAbepE"},{"id":"bbbd1a1c-36dd-46e9-a940-75e4301c134a","contentKey":"s5s5ejuDru4uchuF2drUFuthaspAbepE"},{"id":"01a31497-1cf6-4ea9-a520-7dde94d68c7f","contentKey":"s5s5ejuDru4uchuF2drUFuthaspAbepE"},{"id":"384d91ee-b8aa-44e8-aa8f-8f86fea95b2c","contentKey":"s5s5ejuDru4uchuF2drUFuthaspAbepE"},{"id":"8588ce86-685a-47c8-967f-b7eded0a7f60","contentKey":"s5s5ejuDru4uchuF2drUFuthaspAbepE"},{"id":"56dc37ad-6dea-4e8e-9e1a-8ed48e4bf475","contentKey":"gf1Gc7WjTKLfr7mzsu3dr1CUviN5T4wY"},{"id":"6f5af2cd-6d4b-474d-84ca-b7efe7a4cbef","contentKey":"iJ5upMtN23fYPCzNH7Y83ihKGu6ni8AC"},{"id":"6a70b06b-5ee1-4147-9db1-6627683ea395","contentKey":"s5s5ejuDru4uchuF2drUFuthaspAbepE"},{"id":"5e6f8875-20ee-399e-8ad6-0b9d644e8bef","contentKey":"lJ69ph6LrjkF2YtLSXIBcSCkSSPfKTen"},{"id":"36354c68-40b9-463c-ab81-73ee816a3950","contentKey":"bK2jabbdyydgardabAmxPw579PqZ159Z"},{"id":"a77195c8-30e2-4ad6-868e-4c56ca7dc580","contentKey":"s5s5ejuDru4uchuF2drUFuthaspAbepE"},{"id":"2ce064d4-a6fc-4f06-7b5d-7c57bf788bd7","contentKey":"s5s5ejuDru4uchuF2drUFuthaspAbepE"},{"id":"afef6035-74c3-4c32-9c31-33853cad886e","contentKey":"s5s5ejuDru4uchuF2drUFuthaspAbepE"},{"id":"964237b8-f241-c2a9-987b-48e2ff0eba74","contentKey":"s5s5ejuDru4uchuF2drUFuthaspAbepE"},{"id":"50eccaaa-1828-453d-a044-3f5d64f69e40","contentKey":"RWY19fW35mqTBaqVYmsRVnGVGNZWgSuK"},{"id":"1fd28046-1eaf-4cc7-8554-d28d8c57fd26","contentKey":"sQ6IvZny6Nv9C2I4rbCSOWzVXd4IHdHu"},{"id":"0dfb9a82-fd02-3029-bee1-d8cbc3de5cd4","contentKey":"xQ7gQ8UmQ5TqWtOJTsU0IfLOJlxFMuTg"},{"id":"957b045a-6477-421c-c20d-de4aee743ce2","contentKey":"s5s5ejuDru4uchuF2drUFuthaspAbepE"},{"id":"1e0b2d35-8fa3-4331-bc5b-fcc536f189d8","contentKey":"fP7NrK6vW6is4mVLhahN0dy3qTzlr1fu"},{"id":"5bd809ba-2faa-b4f9-6921-d290d6bdfd2a","contentKey":"s5s5ejuDru4uchuF2drUFuthaspAbepE"},{"id":"1058397f-6ecb-4fa1-98ad-cce3f1a293eb","contentKey":"C8EC6HzVtAECkUVVVn9HRMS7ynTQ8U8a"},{"id":"85c20542-6590-421e-4672-9e8e4c4240da","contentKey":"s5s5ejuDru4uchuF2drUFuthaspAbepE"},{"id":"2f931edb-f54d-5a6f-b44d-c7468f56a3cc","contentKey":"s5s5ejuDru4uchuF2drUFuthaspAbepE"}]