[{"id":"392a42b5-bf0d-4b9b-b9fe-1fc5c4e37bf5","contentKey":"s5s5ejuDru4uchuF2drUFuthaspAbepE"},{"id":"05ead86c-572c-40c8-8cb0-8733a7894185","contentKey":"s5s5ejuDru4uchuF2drUFuthaspAbepE"},{"id":"d3a6b43b-8e3e-454d-976c-12f72642b603","contentKey":"hpJEaL9MYpFwEL2ir7TE7AZJRHBkf92h"},{"id":"85c20542-6590-421e-4672-9e8e4c4240da","contentKey":"s5s5ejuDru4uchuF2drUFuthaspAbepE"},{"id":"6c2a425f-45f6-4636-9219-844876186179","contentKey":"6QgeSWC9iny2ZRRLpQonZWxeG2z18XiE"},{"id":"572bf2ae-b8ec-4c9e-91c3-463659b773fe","contentKey":"rO1uj7Pd39gH3IRBM9e5vPu0QP0Y0LlX"},{"id":"6a70b06b-5ee1-4147-9db1-6627683ea395","contentKey":"s5s5ejuDru4uchuF2drUFuthaspAbepE"},{"id":"50eccaaa-1828-453d-a044-3f5d64f69e40","contentKey":"RWY19fW35mqTBaqVYmsRVnGVGNZWgSuK"},{"id":"eed6203f-eeda-4d48-9ac8-443cc760fe6a","contentKey":"jU9dscbyyqxH5iE9L9A7JVnW83g6ijCO"},{"id":"a3fd78f1-23a4-49f9-9122-1cdc5e49b3bd","contentKey":"s5s5ejuDru4uchuF2drUFuthaspAbepE"},{"id":"0a533901-fb15-44da-9f46-dc81d18335e0","contentKey":"cY3jtSMlrjlNMV3Xww2zz2ubuJe61vBw"},{"id":"0dfb9a82-fd02-3029-bee1-d8cbc3de5cd4","contentKey":"xQ7gQ8UmQ5TqWtOJTsU0IfLOJlxFMuTg"},{"id":"4bad418d-89f1-8ed4-3af6-5b3843751748","contentKey":"s5s5ejuDru4uchuF2drUFuthaspAbepE"},{"id":"4972c4c7-6eac-4e4c-b2d0-822b590b6fa7","contentKey":"s5s5ejuDru4uchuF2drUFuthaspAbepE"},{"id":"e823767b-7337-49da-aaef-de616d2c2c3a","contentKey":"s5s5ejuDru4uchuF2drUFuthaspAbepE"},{"id":"18e61e9d-54a6-3d87-bb35-d0134cf486c1","contentKey":"s5s5ejuDru4uchuF2drUFuthaspAbepE"},{"id":"d0c74562-fb24-cc54-4704-28f7eaf18172","contentKey":"s5s5ejuDru4uchuF2drUFuthaspAbepE"},{"id":"b808d223-3e1a-e8d3-968d-c2b84c720841","contentKey":"s5s5ejuDru4uchuF2drUFuthaspAbepE"},{"id":"2ce064d4-a6fc-4f06-7b5d-7c57bf788bd7","contentKey":"s5s5ejuDru4uchuF2drUFuthaspAbepE"},{"id":"176ecd3e-daec-40a2-80c8-c1674a5b6c67","contentKey":"GTYd1WymnucaxUmr8jpJEUTeTvFUnoU2"},{"id":"d39c7614-9675-ccec-b04d-e077454b1191","contentKey":"s5s5ejuDru4uchuF2drUFuthaspAbepE"},{"id":"6f1092cd-8e64-43d1-a369-203f88fdb7b5","contentKey":"bA0tAPFeVMOaYIdzm28ZoO6JEjIqlLPR"},{"id":"433cbba0-1c00-48e8-94ef-59cfc38da4ca","contentKey":"s5s5ejuDru4uchuF2drUFuthaspAbepE"},{"id":"957b045a-6477-421c-c20d-de4aee743ce2","contentKey":"s5s5ejuDru4uchuF2drUFuthaspAbepE"},{"id":"ccd652a5-c4f3-49b3-8399-60d4a6b2b328","contentKey":"s5s5ejuDru4uchuF2drUFuthaspAbepE"},{"id":"838bdb6b-bf30-42ca-a4d8-e35865fba8e2","contentKey":"s5s5ejuDru4uchuF2drUFuthaspAbepE"},{"id":"492acb44-dfd6-4ab2-b1d7-99914906f650","contentKey":"s5s5ejuDru4uchuF2drUFuthaspAbepE"},{"id":"89e1a31d-9ea4-e7ee-e2cc-a1a1716baa2b","contentKey":"s5s5ejuDru4uchuF2drUFuthaspAbepE"},{"id":"c00599a7-087f-a931-23ee-b432ea48eb57","contentKey":"s5s5ejuDru4uchuF2drUFuthaspAbepE"},{"id":"d6bf5729-26c9-e255-330f-2f8ced0e6bfd","contentKey":"s5s5ejuDru4uchuF2drUFuthaspAbepE"},{"id":"0058041a-67e0-4c76-b6f9-04b506433829","contentKey":"wQ6UMIiKQGNJJ18pN9rZarpbWiYwcESP"},{"id":"ac3914ce-f321-4b13-89bf-5a74990242c8","contentKey":"s5s5ejuDru4uchuF2drUFuthaspAbepE"},{"id":"556c54e9-84aa-4922-a975-272ffdd6e681","contentKey":"mCcj5qYC4Grv8rkZjJ6wxEKsxm6HSb6W"},{"id":"0aabc3c4-8617-83e3-a215-75b3923a1209","contentKey":"s5s5ejuDru4uchuF2drUFuthaspAbepE"},{"id":"1fd28046-1eaf-4cc7-8554-d28d8c57fd26","contentKey":"sQ6IvZny6Nv9C2I4rbCSOWzVXd4IHdHu"},{"id":"0b17dd33-69e9-4225-9fb5-b7383b149863","contentKey":"yK87awW8B5phinvS2F0dj248louaeICQ"},{"id":"386eac21-45f3-43bb-ba0c-2cc4c215292a","contentKey":"hB8XHUiRa03MHXGKwddppHeERtO4bYXj"},{"id":"5e6f8875-20ee-399e-8ad6-0b9d644e8bef","contentKey":"lJ69ph6LrjkF2YtLSXIBcSCkSSPfKTen"},{"id":"648c08dc-8187-f1ea-d01f-2715a6769574","contentKey":"s5s5ejuDru4uchuF2drUFuthaspAbepE"},{"id":"f05bedc5-5391-4d3a-a0bc-dd017bafb0e5","contentKey":"zN7ZZz28Vv1nlFZT5ntTIJhYJHEWBIOV"},{"id":"1e0b2d35-8fa3-4331-bc5b-fcc536f189d8","contentKey":"fP7NrK6vW6is4mVLhahN0dy3qTzlr1fu"},{"id":"b77f07d2-1580-8c14-c2ae-df13a0411a65","contentKey":"s5s5ejuDru4uchuF2drUFuthaspAbepE"},{"id":"afef6035-74c3-4c32-9c31-33853cad886e","contentKey":"s5s5ejuDru4uchuF2drUFuthaspAbepE"},{"id":"aa678ead-e25b-535e-c4b6-de6d62802f95","contentKey":"s5s5ejuDru4uchuF2drUFuthaspAbepE"},{"id":"0887d1fd-a752-47d9-a119-b47e6a5fac67","contentKey":"s5s5ejuDru4uchuF2drUFuthaspAbepE"},{"id":"70777aa6-5949-4529-947f-2fcdbc94c3cb","contentKey":"s5s5ejuDru4uchuF2drUFuthaspAbepE"},{"id":"9c4c723f-5183-73cd-7961-1ba24558101a","contentKey":"s5s5ejuDru4uchuF2drUFuthaspAbepE"},{"id":"22c91934-14f2-3894-9440-06b3618246ec","contentKey":"s5s5ejuDru4uchuF2drUFuthaspAbepE"},{"id":"39fa1d65-b3ca-4726-b9e0-f3d2a404e5a4","contentKey":"s5s5ejuDru4uchuF2drUFuthaspAbepE"},{"id":"f7fc6e83-8cd7-4f97-bead-ca21fcd96d85","contentKey":"2pAiecCAYB9bNP83ir7L7BP8iw8fmUhB"},{"id":"7de76407-0680-4b5e-8ce0-5a256fc53787","contentKey":"jJ7PBFj6PhccdKeZ1wKUjPkxTBpVCX2z"},{"id":"1b99b77c-3caa-4aaa-8f79-f79f053e586f","contentKey":"s5s5ejuDru4uchuF2drUFuthaspAbepE"},{"id":"96fee348-f9ee-4ce6-a454-5f575d84a5b4","contentKey":"pV0ki9itBoZmpQNic6UGuF1jFLmSzKX1"},{"id":"68077113-bb7e-4b1f-9a7e-b2b1c2ccc1bd","contentKey":"s5s5ejuDru4uchuF2drUFuthaspAbepE"},{"id":"202539ce-e6c5-40b5-a4a1-4296277d18f6","contentKey":"s5s5ejuDru4uchuF2drUFuthaspAbepE"},{"id":"659b5fdb-3260-47ff-9aeb-41818d74acdd","contentKey":"s5s5ejuDru4uchuF2drUFuthaspAbepE"},{"id":"e4d586b5-ab6f-4fd5-82d5-6158a755e012","contentKey":"s5s5ejuDru4uchuF2drUFuthaspAbepE"},{"id":"e53e6a9f-aebb-4e43-3127-941114874f40","contentKey":"s5s5ejuDru4uchuF2drUFuthaspAbepE"},{"id":"83d2bdf7-4843-389b-2f49-e03d2fbab233","contentKey":"s5s5ejuDru4uchuF2drUFuthaspAbepE"},{"id":"4f3c134c-bf7f-49d3-abc3-28ffd6963768","contentKey":"6MihJGG5kmatHxsiJJ1UNZeQci5uTW1Q"},{"id":"2e23eff9-01ca-4a9d-2186-803735c7b83c","contentKey":"s5s5ejuDru4uchuF2drUFuthaspAbepE"},{"id":"ba59630e-8682-6cf4-7e56-9cb35e053f5c","contentKey":"oP0GL78LkBnfyHKKRVpzhtsB12EVh68p"},{"id":"5fb957e4-b4d9-e603-a5e8-9d0d279ff70d","contentKey":"s5s5ejuDru4uchuF2drUFuthaspAbepE"},{"id":"4a58320c-b5f5-8133-0c6b-43352b92c2ef","contentKey":"s5s5ejuDru4uchuF2drUFuthaspAbepE"},{"id":"3c475341-0cba-d82d-6e7d-34cc905d188c","contentKey":"s5s5ejuDru4uchuF2drUFuthaspAbepE"},{"id":"3c3d4eba-ae7b-489a-8bca-f413dfe75cf9","contentKey":"jQ450V3g3mGwcAuTKAzcOpBUtUKmsR4i"},{"id":"f9f1366f-19db-4248-a7e3-da38b9355049","contentKey":"s5s5ejuDru4uchuF2drUFuthaspAbepE"},{"id":"b7d9d91f-6772-6ddc-40e1-71b662f5decd","contentKey":"s5s5ejuDru4uchuF2drUFuthaspAbepE"},{"id":"04019d2d-b077-7dc1-1342-7ebfb054f5da","contentKey":"s5s5ejuDru4uchuF2drUFuthaspAbepE"},{"id":"a9396dff-9629-43fa-b7f7-4e885ab258fd","contentKey":"s5s5ejuDru4uchuF2drUFuthaspAbepE"},{"id":"92355866-6a18-4ee9-b4e2-931f164fea6d","contentKey":"mY0iAwB1zqrgBuzNWt6IhClEnJFdHn1E"},{"id":"46204857-592c-4f55-a584-318b983b97e2","contentKey":"s5s5ejuDru4uchuF2drUFuthaspAbepE"},{"id":"3e9d6428-9e7e-18e0-e1bf-9187d7835436","contentKey":"s5s5ejuDru4uchuF2drUFuthaspAbepE"},{"id":"050ac25f-3124-4acb-ad16-64b779f8255f","contentKey":"jhXUipNeq5ohY3cWRsoCrjSWpX4vc63h"},{"id":"08a96e76-7801-8a44-c42d-06d9d6aaee15","contentKey":"s5s5ejuDru4uchuF2drUFuthaspAbepE"},{"id":"d53a409b-8f5e-b89f-b0e1-ee2e87d48837","contentKey":"s5s5ejuDru4uchuF2drUFuthaspAbepE"}]