[{"id":"d6e72868-be8c-4bc7-8560-4e99e01d5ec4","contentKey":"jE2wFS4EE2vrj5KrHVCh9EEhtCyxFKdY"},{"id":"0887d1fd-a752-47d9-a119-b47e6a5fac67","contentKey":"s5s5ejuDru4uchuF2drUFuthaspAbepE"},{"id":"03e1c0c1-99ec-47d9-9d11-c1b5b7d79744","contentKey":"s5s5ejuDru4uchuF2drUFuthaspAbepE"},{"id":"3cda2fe3-f45b-46a4-80f1-c23c0161e750","contentKey":"cP4Qd2AgCOKdaR5bkdu1hTap3Ye1LHYX"},{"id":"b3414d37-df1b-43cb-96f1-e89eb3602eb9","contentKey":"wR8FLqxvRlE7QPLjhcuNvnQLlYPkaYZF"},{"id":"935313a3-7088-4a15-a445-1d92c3e485d7","contentKey":"tJ6kp9LTq9rTdBlJ6pPkXJohhIoAPcHp"},{"id":"71ab216b-9a12-4974-a836-d0117f9546f1","contentKey":"s5s5ejuDru4uchuF2drUFuthaspAbepE"},{"id":"e1538c54-538b-46c2-a5cb-ef295f35bbda","contentKey":"s5s5ejuDru4uchuF2drUFuthaspAbepE"},{"id":"c2dfb5ed-2422-4a27-b051-b1a0cb4b77a9","contentKey":"jm4g68nUUms29SPUMBYcqYSHx4euVU3J"},{"id":"b314be07-8ec2-4b7d-945f-b4b09c2ece73","contentKey":"s5s5ejuDru4uchuF2drUFuthaspAbepE"},{"id":"e0758fe7-5121-07ae-b240-27bba5cc3df8","contentKey":"tU8ElyA28UKhl4lvdtcdrZhdm3Y8bzU7"},{"id":"84336fb5-aa5a-4a7d-9d7f-74fe6dd24b46","contentKey":"9oAo58FCeGBVNBbUGdt73ZG8jEdpkyLB"},{"id":"4ab16a69-a631-ba66-b662-aac42d7ba5e4","contentKey":"s5s5ejuDru4uchuF2drUFuthaspAbepE"},{"id":"d875769e-1716-11eb-adc1-0242ac120002","contentKey":"iW2wRO8dWLgys6EcTqPoPQ5S3Y9lEvcr"},{"id":"ee2c78f3-1b48-488b-9eba-7db51bdce2af","contentKey":"s5s5ejuDru4uchuF2drUFuthaspAbepE"},{"id":"0bad20af-3aa5-463a-9719-9fa2f81814e6","contentKey":"cI6hWRRlogKaqm3Hyhspjkt7qeAAwnBI"},{"id":"9f1aec9d-2f60-4370-a8fa-abe35af4f2dc","contentKey":"s5s5ejuDru4uchuF2drUFuthaspAbepE"},{"id":"b1098a19-55c8-4ce9-8433-f08d5b42e866","contentKey":"s5s5ejuDru4uchuF2drUFuthaspAbepE"},{"id":"0aabc3c4-8617-83e3-a215-75b3923a1209","contentKey":"s5s5ejuDru4uchuF2drUFuthaspAbepE"},{"id":"a55fd9ed-0052-4853-8412-2284c1d153f0","contentKey":"s5s5ejuDru4uchuF2drUFuthaspAbepE"},{"id":"02ceb6a1-76e0-4ec6-beea-141641608ad3","contentKey":"oZ8xdlbwkYgLPkSvpSG9ybj26F2NCa3F"},{"id":"1962506c-7e97-4cf9-bd2b-e8cfe01c6b19","contentKey":"s5s5ejuDru4uchuF2drUFuthaspAbepE"},{"id":"82ef2d08-d920-48f5-8c46-4e52b4c548bc","contentKey":"s5s5ejuDru4uchuF2drUFuthaspAbepE"},{"id":"c7790a81-603a-55bb-5c01-7cf2df427470","contentKey":"s5s5ejuDru4uchuF2drUFuthaspAbepE"},{"id":"716e6026-5e14-4d34-8001-5a7a27cd1a67","contentKey":"bK4TSXcCL95HAmiFrP4qph2TkRziVEep"},{"id":"e505c8bc-e04e-40c8-b374-37296d967544","contentKey":"sI7KaN33aUC6nJ3wqchg2dSfOstitPlB"},{"id":"9e43d54a-f9c8-42bd-bf58-d80c54d1b164","contentKey":"J3AZHejZLkKK9U6EBpkAosm7929aSBMK"},{"id":"823caf39-e823-4966-8b21-1b34dfd288a4","contentKey":"jV0KcgEaJafaj6UAVI1R9dTpY7lHTq25"},{"id":"2e546478-7476-4882-bf6e-d87af7cab364","contentKey":"s5s5ejuDru4uchuF2drUFuthaspAbepE"},{"id":"35c4a4a9-0baa-4051-8d15-23bc95c52a30","contentKey":"hW7rqRePLavIM6RQ0BipMXtuP2FKezrU"},{"id":"7cec98d8-55cc-44fe-b0ae-2672b0b2bd37","contentKey":"s5s5ejuDru4uchuF2drUFuthaspAbepE"},{"id":"d0107ae8-9cbe-4c67-8330-61356327551e","contentKey":"aO8vXxLxH9FYC0yNX1hZqblS6749PCyu"},{"id":"9cf7edb9-045b-49d7-a3ee-4789eb7e1d42","contentKey":"eE3KdV0MqAPKVmFri2OnQqZainh80cMI"},{"id":"2933373c-25a7-f645-d436-1b833932c7a7","contentKey":"s5s5ejuDru4uchuF2drUFuthaspAbepE"},{"id":"09ba207f-9287-4ad0-b967-138600b24f7e","contentKey":"zX6fhggoQMx9qvi3nMoWirXXGKfGyKJO"},{"id":"c5d1fcef-c4a1-4c2a-b5e3-f4cdea83974a","contentKey":"tW9pL3kjvUOsLnK3lGVmV2Hu0mMk4367"},{"id":"86e4e802-00ed-4922-9548-6da2af92e2c4","contentKey":"7Upb5uwxRWmJukB5Ff4G4dfzs5mxbSF4"},{"id":"55f11ed9-3239-4e65-862a-c960a4c1e93d","contentKey":"s5s5ejuDru4uchuF2drUFuthaspAbepE"},{"id":"e0f86a38-67d8-6c27-66b1-7a9ab1aab354","contentKey":"s5s5ejuDru4uchuF2drUFuthaspAbepE"},{"id":"8aa16108-f899-4bb3-8306-df63673609e7","contentKey":"xA14d93NIiBuKtzqqycRgYHB0dUFqryP"},{"id":"ab2a28b1-ea09-4ad0-b2da-aa0b8f3e4762","contentKey":"sQ1oGxVr6MoxMYBCcPxaZ8UcVfGgFZWF"},{"id":"3e3d01ad-3a99-404e-97e9-48c35eb65e52","contentKey":"s5s5ejuDru4uchuF2drUFuthaspAbepE"},{"id":"ede50bf4-b3f8-4173-b868-42a50938d88b","contentKey":"s5s5ejuDru4uchuF2drUFuthaspAbepE"},{"id":"e5f03e16-17f6-441e-bbe6-b65177268ced","contentKey":"s5s5ejuDru4uchuF2drUFuthaspAbepE"},{"id":"2c2bb96f-3852-4450-a5b1-224549991395","contentKey":"tQ30A26jggjXZBmcc6CqU9KyUb7zB4T9"},{"id":"1c74839a-17c0-11eb-adc1-0242ac120002","contentKey":"s5s5ejuDru4uchuF2drUFuthaspAbepE"},{"id":"4d88f79a-c642-4af4-b0cb-53780b2cd8f9","contentKey":"s5s5ejuDru4uchuF2drUFuthaspAbepE"},{"id":"01a31497-1cf6-4ea9-a520-7dde94d68c7f","contentKey":"s5s5ejuDru4uchuF2drUFuthaspAbepE"},{"id":"e233f725-5dfc-411d-9fdf-6e16b5319971","contentKey":"s5s5ejuDru4uchuF2drUFuthaspAbepE"},{"id":"af947cf4-6a67-4026-8e6f-f986289efd50","contentKey":"s5s5ejuDru4uchuF2drUFuthaspAbepE"},{"id":"5fb7df4d-09d4-4fe7-b07b-b3080801d7ec","contentKey":"fL7ksjSU7bcJLSJwzvilZLt7FavYdRnc"},{"id":"bb8035c5-b2d7-4a12-bf6c-5ca3e1b8b36e","contentKey":"s5s5ejuDru4uchuF2drUFuthaspAbepE"},{"id":"ca02d5ad-1ec4-4548-a5c8-8c9f38e6a499","contentKey":"s5s5ejuDru4uchuF2drUFuthaspAbepE"},{"id":"efc51f9b-08da-bcbe-b9c9-c51c9dcc1b4e","contentKey":"s5s5ejuDru4uchuF2drUFuthaspAbepE"},{"id":"838bdb6b-bf30-42ca-a4d8-e35865fba8e2","contentKey":"s5s5ejuDru4uchuF2drUFuthaspAbepE"},{"id":"d44b8343-c927-4d8a-8e54-3cb2df22192f","contentKey":"s5s5ejuDru4uchuF2drUFuthaspAbepE"},{"id":"e86b1c78-0587-4561-bcbe-6adafeac17bb","contentKey":"s5s5ejuDru4uchuF2drUFuthaspAbepE"},{"id":"853171b8-0710-41e3-9d3b-4d82f0a3c473","contentKey":"iO8SyKXhaEBKtySiPRKw6bVOT1ZpOiXf"},{"id":"fc419ce5-8706-45c9-beaf-5f702a67775a","contentKey":"BJ8TK6YR3ZqjCFntdEVZkUbcSsmnvUUa"},{"id":"100a470a-f06a-427a-b62d-168f3ceecf92","contentKey":"lG9zCwIMNy5n1RcVm6hymXe2JefSBbpN"},{"id":"9004d7a3-4b1e-4214-9383-05c9ba2ee8b9","contentKey":"s5s5ejuDru4uchuF2drUFuthaspAbepE"},{"id":"d5562862-db13-451a-be8a-a585b06972bf","contentKey":"s5s5ejuDru4uchuF2drUFuthaspAbepE"},{"id":"85c20542-6590-421e-4672-9e8e4c4240da","contentKey":"s5s5ejuDru4uchuF2drUFuthaspAbepE"},{"id":"fd604bc6-263e-4779-8fd1-2cfe015cb1c5","contentKey":"s5s5ejuDru4uchuF2drUFuthaspAbepE"},{"id":"89e1a31d-9ea4-e7ee-e2cc-a1a1716baa2b","contentKey":"s5s5ejuDru4uchuF2drUFuthaspAbepE"},{"id":"af02308c-5ad4-4969-ba83-12bffa9656a8","contentKey":"s5s5ejuDru4uchuF2drUFuthaspAbepE"},{"id":"7ac46953-ec39-4622-a2e2-6a5950e8a6dc","contentKey":"vF4NxHhvH7bNGd8fhIUdofB3MFNR3vNT"},{"id":"4c0e855d-c6d0-4c64-b7ba-56adfed9bfd1","contentKey":"s5s5ejuDru4uchuF2drUFuthaspAbepE"},{"id":"bc6e36e4-f52a-4912-85d7-fcd6b76ba489","contentKey":"eO46pulxc7VBOK3l48eke10S7f5Uf2dV"},{"id":"874fba77-ab90-4a2f-9b30-8ae8b092f774","contentKey":"sP0kzFGvj8xOSMryreUeKPPU2JvOvGPX"},{"id":"242beaf8-1226-4127-b556-b6a3a8a06df0","contentKey":"eC9HoYZyO3J2LvbovPzgk1V2Kjrx3G59"},{"id":"d67e0018-f78b-4ea8-ba2b-2917ecbc5e05","contentKey":"jQ8WHygLjstuC6ofzShVvW1Me6nsWQw3"},{"id":"6d752b6d-e443-4c8a-b4ef-a276fd82873d","contentKey":"xV64Fa8NhzNINyEWpvJ0O1rqNyiCWlOU"},{"id":"6a436ef1-ce85-421b-acf4-017f02ab70ab","contentKey":"s5s5ejuDru4uchuF2drUFuthaspAbepE"},{"id":"a5269c74-64ad-4dc5-86b5-fd3de7783ecf","contentKey":"s5s5ejuDru4uchuF2drUFuthaspAbepE"},{"id":"d9713f25-5641-1cb2-ec4f-916e74c568fe","contentKey":"s5s5ejuDru4uchuF2drUFuthaspAbepE"},{"id":"ba59630e-8682-6cf4-7e56-9cb35e053f5c","contentKey":"oP0GL78LkBnfyHKKRVpzhtsB12EVh68p"},{"id":"c5394852-cd7a-454c-8f33-488f8b5c7e44","contentKey":"iZ3OUQhp3p2z29FTEZZHxOzqlEbKirvi"},{"id":"ae272eba-e288-4e0b-b8a1-0b52b5279948","contentKey":"s5s5ejuDru4uchuF2drUFuthaspAbepE"},{"id":"8a463acb-cca8-4286-9751-61364cca9b87","contentKey":"zB5wtCcfdeK1uUXgWAmqI65q0no3ic1a"},{"id":"d5a61c8a-fcab-4f9b-8a0f-1e6c74e6fef0","contentKey":"iN5ut9dMkqOCvqOf228ZjL68AIX86iw4"},{"id":"91b598f6-7039-4d65-abf9-e7b59a0c62fb","contentKey":"oL0ZzFXHtNdTJI8CLxK44TjIcdLpqF3B"},{"id":"8536eb9b-4b47-4da2-9a14-42f87f36ae37","contentKey":"pA8J2yO82yALZ3lwwA2zuLvMwl2feQqa"},{"id":"11026c9b-219e-4ab8-9230-6e988ace7ea9","contentKey":"s5s5ejuDru4uchuF2drUFuthaspAbepE"},{"id":"37b41b1d-179b-4aa6-b06c-10e04bd1bc5f","contentKey":"s5s5ejuDru4uchuF2drUFuthaspAbepE"},{"id":"7dfa0b92-b058-4aea-94a3-3d44c39faaf6","contentKey":"s5s5ejuDru4uchuF2drUFuthaspAbepE"},{"id":"3d0ea252-ba54-4665-90b1-a78054ca231e","contentKey":"hL4ZJstFPXbyBWP2lnxUJsq3ViHBa9lv"},{"id":"6d9f24c0-6246-4c92-8169-4648d1981cbb","contentKey":"s5s5ejuDru4uchuF2drUFuthaspAbepE"},{"id":"280bc835-0247-fd10-91d6-94daea1a0f76","contentKey":"s5s5ejuDru4uchuF2drUFuthaspAbepE"},{"id":"ae9853fa-c41a-40ac-b95e-66dd5e6f0837","contentKey":"hP6IWm8eYcysUbIiYWdP0a23NCbbWSaT"},{"id":"98836042-d822-07f5-3085-a10b5d3313f9","contentKey":"s5s5ejuDru4uchuF2drUFuthaspAbepE"},{"id":"c40effb5-65a0-448c-8ad7-c491e1070506","contentKey":"xY27HrTRGOap5HZ5RvP6yHheHJ6YwrBa"},{"id":"ea3a4839-f15e-464e-ae91-e7b8139847cc","contentKey":"aW1ncp64uxJYP7eSZoWP7cERjxgWCEHR"},{"id":"887f1d8e-ff16-4dff-afc2-696e82e5c27b","contentKey":"tT4H9j8r4Om7FCBdxVztWyGwBWP04mrW"},{"id":"194e7ecd-7252-4ff8-b52c-49cfca9753fd","contentKey":"s5s5ejuDru4uchuF2drUFuthaspAbepE"},{"id":"e09bed56-8c66-4c42-9044-69a64d90711e","contentKey":"s5s5ejuDru4uchuF2drUFuthaspAbepE"},{"id":"730366a9-3188-4e73-804c-d892eac84570","contentKey":"cQ102NkWqtn7x07n6TaHCx8YlwyJtzW9"},{"id":"b528e05c-36f8-4ca3-81f8-993ec949d5b6","contentKey":"zR2N0SeyvkTSK7MCbhVRWOTlgJQZbo8C"},{"id":"01c5c6de-4c7a-4448-abf5-974e1f528476","contentKey":"s5s5ejuDru4uchuF2drUFuthaspAbepE"},{"id":"305fcac4-41fe-42a1-8619-f7937c139711","contentKey":"vQ17sg9SGT5F1jXdoErY88FoIOIvT4nK"},{"id":"90cb7f0c-2b71-4162-b7f0-dee3f9c9bb51","contentKey":"vB9uRwt81ohV3OJMipnfdZUHqiudkaVC"},{"id":"7b0f4525-185e-456a-9575-48fca931c2f4","contentKey":"s5s5ejuDru4uchuF2drUFuthaspAbepE"},{"id":"a0a01097-1aa3-4e2f-8cec-9f729ed67f61","contentKey":"s5s5ejuDru4uchuF2drUFuthaspAbepE"},{"id":"96fee348-f9ee-4ce6-a454-5f575d84a5b4","contentKey":"pV0ki9itBoZmpQNic6UGuF1jFLmSzKX1"},{"id":"e4d586b5-ab6f-4fd5-82d5-6158a755e012","contentKey":"s5s5ejuDru4uchuF2drUFuthaspAbepE"},{"id":"cfb6aaf5-484c-43a1-a9ce-a6d65e14fe4e","contentKey":"s5s5ejuDru4uchuF2drUFuthaspAbepE"},{"id":"3fd772c0-6b6e-4a02-8514-57f5ec339eac","contentKey":"vG8J2QFe3GNRKeMP1rwaGLSnHUHWGncF"},{"id":"26463798-4839-46a6-9b7d-87c5b38ebf7b","contentKey":"yQ0ZkUioReGicWe0CYzPgnJ3xLkjx1ci"},{"id":"c19af148-1bb3-4e67-9e00-dfb3e627c09f","contentKey":"s5s5ejuDru4uchuF2drUFuthaspAbepE"},{"id":"4cf40aaf-3674-499d-a079-1bd15f1d05d9","contentKey":"wU3CBFnlAPsp91OHV4EQ2jKCpwyMl6aZ"},{"id":"635c9648-cf22-4da8-8d8e-939bcf41d488","contentKey":"d1YiMcKSjSqXYs3QgGtzryTQqbGxpMca"},{"id":"0dfb9a82-fd02-3029-bee1-d8cbc3de5cd4","contentKey":"xQ7gQ8UmQ5TqWtOJTsU0IfLOJlxFMuTg"},{"id":"835d9a8a-7c19-4991-a30a-26e5ccfb47a8","contentKey":"s5s5ejuDru4uchuF2drUFuthaspAbepE"},{"id":"5c7f21f3-2cac-46dc-81fb-7ccfaa5b5ad2","contentKey":"s5s5ejuDru4uchuF2drUFuthaspAbepE"},{"id":"b2a06411-3095-7082-b43c-966ea1686277","contentKey":"s5s5ejuDru4uchuF2drUFuthaspAbepE"},{"id":"06cb8462-5cdd-4194-b7cf-cf00ac572b4c","contentKey":"xV50eozHnUd3mwWiXed584BnnKai0sHV"},{"id":"e9776e85-bd92-45d4-a585-8ce83098dd63","contentKey":"pM7NppJvjpbFoMCepXcxIJWiEr9QHngc"},{"id":"1449959a-b04d-468d-908d-35cb59653b62","contentKey":"s5s5ejuDru4uchuF2drUFuthaspAbepE"},{"id":"61592657-b55f-2aba-78d6-05b9f1f75850","contentKey":"s5s5ejuDru4uchuF2drUFuthaspAbepE"},{"id":"5285f7f8-62ab-4a31-949d-bfd9bcfa9290","contentKey":"uJ9xlMFuvkAEUckYMnncoO9vYPZxxJWu"},{"id":"c6535f68-eebc-4766-aced-857f06da2f33","contentKey":"gG8Yap6fffANG3EMBMdW0G2yFvksYoyU"},{"id":"aadc1f0a-bb77-4fe0-9248-86ef446cb584","contentKey":"s5s5ejuDru4uchuF2drUFuthaspAbepE"},{"id":"5e6f8875-20ee-399e-8ad6-0b9d644e8bef","contentKey":"lJ69ph6LrjkF2YtLSXIBcSCkSSPfKTen"},{"id":"1507d90f-f020-48d6-afea-341f1f430277","contentKey":"HW5eTEbbQocvX1hq2XvA65eGqHYLnaWy"},{"id":"29790596-9786-4a41-ad5f-249bf53f9fde","contentKey":"pA3cVMtuCjkvW38PbhvFO1snh9VidLQe"},{"id":"8b8362a3-cd8c-4f48-9a49-b494659513b6","contentKey":"s5s5ejuDru4uchuF2drUFuthaspAbepE"},{"id":"7d6d51ea-e66c-4de2-8f0c-7ee3c5cc8c4e","contentKey":"s5s5ejuDru4uchuF2drUFuthaspAbepE"},{"id":"42fde774-37d4-4422-b374-89ff13a6535a","contentKey":"s5s5ejuDru4uchuF2drUFuthaspAbepE"},{"id":"6a49ca3b-13c2-49ea-9582-e57d6492fbf3","contentKey":"s5s5ejuDru4uchuF2drUFuthaspAbepE"},{"id":"9ba7f17b-d76a-481d-b4dd-bab51d43aacc","contentKey":"qB7qGRU8l85aXfu6pgRO6iyQZKIGVZY9"},{"id":"39ff8720-c587-4498-ba8a-97ae6d5eb9f7","contentKey":"s5s5ejuDru4uchuF2drUFuthaspAbepE"},{"id":"d93102b3-68fc-422f-841f-c11d12643458","contentKey":"FXH48x7TuwsoiQvdAEF4VKUpHcT74ZLr"},{"id":"32530c77-5dc3-4fc7-a577-60cecb0755f9","contentKey":"kO6zqAXtFns3CTxVMoBx59YTIKzCvA80"},{"id":"cf766ec8-724e-46bf-9152-576dbcbbcfd2","contentKey":"wB0QELUevuePqedjzmCf5qYhxp2XauYO"},{"id":"31dbacb1-089e-48e8-9235-a9abb97914c0","contentKey":"FEWK6FLPqJj6e3vtCdc7mG5aoaBYqguT"},{"id":"a6133992-a64c-4393-b1e9-d8d841cc9601","contentKey":"rT9B7SBoaQKtCBdeZrQSotesoNSwi0j3"},{"id":"5fb957e4-b4d9-e603-a5e8-9d0d279ff70d","contentKey":"s5s5ejuDru4uchuF2drUFuthaspAbepE"},{"id":"a13c4602-7fd4-4292-9d3e-6ef5e3f2fcf2","contentKey":"eX0tNTxYNPHxdXdaPkuJ3PbH7AHojf7x"},{"id":"fcca77b7-dca3-465d-b1cb-1a033f85954a","contentKey":"bS0kAK3IsbBGCHGGn2s7M8wiIpXBvU97"},{"id":"4e00f234-fd16-4385-b057-8da04c22c472","contentKey":"lP56NNxPS64hUzP7XAYR48QHEYG6CwiS"},{"id":"9894ad04-25ff-11eb-adc1-0242ac120002","contentKey":"vV7yC0ZTrJAX1WSVrJ2bLilnK3w0lqgo"},{"id":"a7f0a3d3-07f3-4bda-8b05-20c477cbb71e","contentKey":"lQ0tQPGeusnzXuqxBAinTPtMyG63k0el"},{"id":"f1acd9c8-99eb-4d8c-9f46-5dc654fa4780","contentKey":"s5s5ejuDru4uchuF2drUFuthaspAbepE"},{"id":"0d16b34a-51ad-475f-a1e0-6ead8d78acd2","contentKey":"s5s5ejuDru4uchuF2drUFuthaspAbepE"},{"id":"adf32d5a-756a-11eb-9439-0242ac130002","contentKey":"s5s5ejuDru4uchuF2drUFuthaspAbepE"},{"id":"54d90641-e6b0-4129-8170-74a1d8934adf","contentKey":"s5s5ejuDru4uchuF2drUFuthaspAbepE"},{"id":"d0c74562-fb24-cc54-4704-28f7eaf18172","contentKey":"s5s5ejuDru4uchuF2drUFuthaspAbepE"},{"id":"21180787-8069-48da-af03-309843808be1","contentKey":"qS5bhyrcuwMrZLe2dHZ32Man3q22oHeT"},{"id":"2ae27f62-7f9a-4fbc-88a1-16c879731954","contentKey":"cZ79wwXa9z7bzFTrSqayZzCJB6LU87So"},{"id":"a48c24fc-a195-4362-a92f-ee11fe3aee58","contentKey":"s5s5ejuDru4uchuF2drUFuthaspAbepE"},{"id":"964237b8-f241-c2a9-987b-48e2ff0eba74","contentKey":"s5s5ejuDru4uchuF2drUFuthaspAbepE"},{"id":"0bfc822b-895d-4988-9c55-8f43e251be2d","contentKey":"s5s5ejuDru4uchuF2drUFuthaspAbepE"},{"id":"98d35fe6-93c9-485f-ba6b-d36ef9849fef","contentKey":"s5s5ejuDru4uchuF2drUFuthaspAbepE"},{"id":"5bd809ba-2faa-b4f9-6921-d290d6bdfd2a","contentKey":"s5s5ejuDru4uchuF2drUFuthaspAbepE"},{"id":"60096b07-d428-4f34-aca7-d79216e6bcb6","contentKey":"iM7yGNbk5HmmAshNN5kNXe8UVMVNKPGs"},{"id":"b0629b24-1fd8-4ce7-b07e-5392850c0c78","contentKey":"qW5w9hbSBSRkhrJ6Fvma5xzAS8bHB5Lc"},{"id":"6faa820c-b1c6-4954-be03-dfca5f7ef89e","contentKey":"s5s5ejuDru4uchuF2drUFuthaspAbepE"},{"id":"4f3c134c-bf7f-49d3-abc3-28ffd6963768","contentKey":"6MihJGG5kmatHxsiJJ1UNZeQci5uTW1Q"},{"id":"5795f1f1-251d-d7a9-e287-58eab45f5419","contentKey":"s5s5ejuDru4uchuF2drUFuthaspAbepE"},{"id":"1d6802ca-3358-48c0-a401-659f56412f78","contentKey":"fT97QgVnZGUy8gApMzjKUfo5hwTn2B2f"},{"id":"94604d67-e6a6-4c7e-b609-00cbbd231543","contentKey":"s5s5ejuDru4uchuF2drUFuthaspAbepE"},{"id":"c1b9a5ea-d9a0-333c-9486-c6f2edbf712e","contentKey":"yV0EJnhGZtl0bh78spikELCSSbcGCWEc"},{"id":"f191ed2f-a7fc-414e-988b-f2506f36e134","contentKey":"xR84omBx9lU8HhdRz3fTn72kHAvMvuNg"},{"id":"42186057-4676-474b-87d6-4c5098dc58a6","contentKey":"xW7to4m88qsHdpLuR18Z66U2sF3fHtHR"},{"id":"321df981-bc71-442c-aa6c-7e184804af71","contentKey":"gZ9A2victLjAa5d9RqRo8h8uHWEyqHYZ"},{"id":"86b34976-8f41-475b-a386-385080dc6e83","contentKey":"s5s5ejuDru4uchuF2drUFuthaspAbepE"},{"id":"e4351951-53cb-f6e8-c746-85866b5bc345","contentKey":"s5s5ejuDru4uchuF2drUFuthaspAbepE"},{"id":"db3fd2dd-c51c-4171-918f-1f64d36b6113","contentKey":"tE8c1xoRxPHsYEBSelFIckcXtilaK4tG"},{"id":"5924b137-9943-205c-e736-8a414342438f","contentKey":"s5s5ejuDru4uchuF2drUFuthaspAbepE"},{"id":"adf695ad-c9be-49a3-ac3d-d0117719d593","contentKey":"s5s5ejuDru4uchuF2drUFuthaspAbepE"},{"id":"966785bf-7e28-490e-a2aa-822798c31a58","contentKey":"xU6jQhH0yHHwCMeM3guhjSY8QXscM9px"},{"id":"5e6c2cab-d443-462c-a955-ad3d650108ae","contentKey":"s5s5ejuDru4uchuF2drUFuthaspAbepE"},{"id":"3ec8d520-c052-cb32-3d5d-8ad95e0a57d9","contentKey":"s5s5ejuDru4uchuF2drUFuthaspAbepE"},{"id":"01f78b1b-25e3-4d26-b244-aaac69ccfe20","contentKey":"s5s5ejuDru4uchuF2drUFuthaspAbepE"},{"id":"2cb95086-46cc-41cb-b646-c9dfe8f5419f","contentKey":"s5s5ejuDru4uchuF2drUFuthaspAbepE"},{"id":"93eb3445-dd1c-4f80-bd61-43d36216cfab","contentKey":"s5s5ejuDru4uchuF2drUFuthaspAbepE"},{"id":"2d5a1e73-bfe4-4080-a035-6836774a69b9","contentKey":"iM6stHtpgf722qCB9eu9lFaqlWra87U9"},{"id":"46204857-592c-4f55-a584-318b983b97e2","contentKey":"s5s5ejuDru4uchuF2drUFuthaspAbepE"},{"id":"ef67a015-b610-4005-b258-33cd7a4101c0","contentKey":"tK0yiwEKHvjghsZl0XOUkN8rOZx15ziR"},{"id":"6bd4adf5-255a-42b9-9eb1-b947c533c439","contentKey":"s5s5ejuDru4uchuF2drUFuthaspAbepE"},{"id":"623e4534-b098-4e17-a599-61cf3814b9d0","contentKey":"s5s5ejuDru4uchuF2drUFuthaspAbepE"},{"id":"b99ab28a-ebd6-06b6-d79b-d023b867d1c2","contentKey":"s5s5ejuDru4uchuF2drUFuthaspAbepE"},{"id":"27e12e10-3cc6-4a48-b430-1d2d5e9061ef","contentKey":"tL9eAeO0ZVHB8b8X0gJrCKj8CvnVCgQR"},{"id":"e823767b-7337-49da-aaef-de616d2c2c3a","contentKey":"s5s5ejuDru4uchuF2drUFuthaspAbepE"},{"id":"0ed0908e-f128-4b82-950f-5997734eeeed","contentKey":"gZ4bkb0KfBOuFt2fMP6E64XxqQteul8u"},{"id":"a5733a0d-a862-4426-ae08-e3c6b08f8d6e","contentKey":"s5s5ejuDru4uchuF2drUFuthaspAbepE"},{"id":"ac3914ce-f321-4b13-89bf-5a74990242c8","contentKey":"s5s5ejuDru4uchuF2drUFuthaspAbepE"},{"id":"7de76407-0680-4b5e-8ce0-5a256fc53787","contentKey":"jJ7PBFj6PhccdKeZ1wKUjPkxTBpVCX2z"},{"id":"142f8223-2032-4770-b2fc-14eca9658d10","contentKey":"s5s5ejuDru4uchuF2drUFuthaspAbepE"},{"id":"20b39184-e46d-4659-962c-0d351df06aae","contentKey":"2HPHHzA3fbwWagaxak2EyPVA1vGCoATz"},{"id":"6f5af2cd-6d4b-474d-84ca-b7efe7a4cbef","contentKey":"iJ5upMtN23fYPCzNH7Y83ihKGu6ni8AC"},{"id":"0a07200a-a970-4d42-8b82-e9867dbb8a80","contentKey":"pP0MtOm4YGduy5kvitLqr6p9MEUAZSyh"},{"id":"bbb2f9bb-4c07-4961-b0f7-909a5e2b2609","contentKey":"yU2Rz0lhRoAtU6JbRrpnA9EldqFZwrZC"},{"id":"41c2f170-59cc-40dc-8626-5a3f1741e518","contentKey":"s5s5ejuDru4uchuF2drUFuthaspAbepE"},{"id":"29056f54-cd2a-4574-9af3-f8c0bfb8182f","contentKey":"s5s5ejuDru4uchuF2drUFuthaspAbepE"},{"id":"fe478820-079e-449b-98f9-27cf30afa91d","contentKey":"s5s5ejuDru4uchuF2drUFuthaspAbepE"},{"id":"d7519b5a-45ec-4d27-997c-89d402c6b57f","contentKey":"s5s5ejuDru4uchuF2drUFuthaspAbepE"},{"id":"a102f9ed-a222-4c0f-8bc0-9c6399ab01a8","contentKey":"s5s5ejuDru4uchuF2drUFuthaspAbepE"},{"id":"bdd0b373-b53b-41a9-87d1-5d72de71f27f","contentKey":"fT2x6MTk4In8p24nQjLHrkK6VZe2W289"},{"id":"959b4248-cdca-4235-802c-d1d172a55d4e","contentKey":"s5s5ejuDru4uchuF2drUFuthaspAbepE"},{"id":"915ea55d-dd39-45e4-b62a-de7f15bf7ade","contentKey":"RwqFPWrysy4nm2ZmgaLCZw2ufxwboW4Z"},{"id":"b10a9679-a626-4092-b5ae-0d56d6c29197","contentKey":"wC0rFX8l6ztWGJeZxo3pitaXIs3K50ql"},{"id":"a70bb068-9ad7-48d9-ba34-136169feb062","contentKey":"s5s5ejuDru4uchuF2drUFuthaspAbepE"},{"id":"7c20e926-ce7f-4340-b434-2d6bfee41395","contentKey":"uZ9KlCEmVRTtKlbaOPEbABb2RPu7zCL6"},{"id":"14ed3688-653c-4718-94e0-2908196f6197","contentKey":"gH4hpFcSSKES51CPKpZI5SB4mf0GwNkn"},{"id":"0058041a-67e0-4c76-b6f9-04b506433829","contentKey":"wQ6UMIiKQGNJJ18pN9rZarpbWiYwcESP"},{"id":"25dc7e01-12ab-43c4-86c3-ec145374c567","contentKey":"xT3M3LKfbJgZqzj4d7m5e7eLTNKLfwhL"},{"id":"f16149c7-aae3-46cb-a744-a02131bf898b","contentKey":"eE3vuGSBIAm6ZOq3gUwCOi1YQohYSbJQ"},{"id":"e76f2b4a-a9c4-1b55-6444-bf5d49a0bb09","contentKey":"s5s5ejuDru4uchuF2drUFuthaspAbepE"},{"id":"c070952f-30fd-4933-9a11-2fc989c45a90","contentKey":"xW5FsUONnE3lNBkuISs1bj20qC3iULrn"},{"id":"a7af3806-5cf6-4229-9600-3d5df190b33e","contentKey":"s5s5ejuDru4uchuF2drUFuthaspAbepE"},{"id":"a7280ad6-ec0c-40a3-913d-f82df56e4033","contentKey":"zW1BoFFllGBoYEbLsNQx0puJKw7TkVQ4"},{"id":"c1860c27-345c-42f7-9afb-af514c7e51fc","contentKey":"s5s5ejuDru4uchuF2drUFuthaspAbepE"},{"id":"3dd79099-fce3-420f-8070-a9e62dda08c2","contentKey":"Z9aWaer3796yR8FjUcx5QkeZNNPZFbdj"},{"id":"ca714a0a-241f-4bf3-b2dd-d5e16d3aceb8","contentKey":"s5s5ejuDru4uchuF2drUFuthaspAbepE"},{"id":"fc33a34d-7cbf-482e-a8b1-06f2d578018b","contentKey":"bL7AolveBIXQSYuLwK3BmizgivKJ5fpd"},{"id":"7ec80adc-fa12-4f38-bc0c-c58829116112","contentKey":"s5s5ejuDru4uchuF2drUFuthaspAbepE"},{"id":"41dc9f67-2e2e-465e-ae01-9aff66957ff9","contentKey":"F5W4LG11jejmeAt8oC7wBciuXm55Qqa5"},{"id":"417784b8-54d9-4ad4-994e-cd7c52ee1ddb","contentKey":"wW9W0jKwpeqiUPugJCyucGynlfrcJ6xK"},{"id":"2f3bb11d-7df5-4ddc-b47b-316f6e86ba84","contentKey":"xL2qghaTeMsYg5KeaY2RylN6HTVFNWoq"},{"id":"5829f61a-e7c1-49d8-9be5-98436c438691","contentKey":"lF2yCPEiafvda6hEgRnYis9ha7L7ZdET"},{"id":"9c5cfb26-1dd7-4625-9f86-5014e9964840","contentKey":"kM7L8zuRWHxcvVsnPubf8o6txm1pe4fz"},{"id":"383915a4-9a20-4a79-8be1-898898ae287b","contentKey":"s5s5ejuDru4uchuF2drUFuthaspAbepE"},{"id":"e01baf7c-e25b-4ea9-a904-1b6b33129da0","contentKey":"s5s5ejuDru4uchuF2drUFuthaspAbepE"},{"id":"23dceaa6-f532-49bd-a45a-a6f16fe7a934","contentKey":"s5s5ejuDru4uchuF2drUFuthaspAbepE"},{"id":"af67ae34-97dd-4406-aae2-d8abe0139765","contentKey":"s5s5ejuDru4uchuF2drUFuthaspAbepE"},{"id":"260ccccb-60aa-4c4e-b0df-701f7cd2c353","contentKey":"hQ5FCxu0XQlFjARtmdpMr7AuMA1kxEWT"},{"id":"6f1092cd-8e64-43d1-a369-203f88fdb7b5","contentKey":"bA0tAPFeVMOaYIdzm28ZoO6JEjIqlLPR"},{"id":"fafce622-beaf-4c25-9ac5-f1f235647e1e","contentKey":"s5s5ejuDru4uchuF2drUFuthaspAbepE"},{"id":"189c2a34-d503-4ba5-8143-4301671e7a3f","contentKey":"s5s5ejuDru4uchuF2drUFuthaspAbepE"},{"id":"408aacb1-d334-470b-9101-e850e74e3bf6","contentKey":"s5s5ejuDru4uchuF2drUFuthaspAbepE"},{"id":"f4329928-c471-4004-a831-cfc720ff2aae","contentKey":"vF0OLtgzORAJ0lA5A5MWRpv66RnaEtTe"},{"id":"492acb44-dfd6-4ab2-b1d7-99914906f650","contentKey":"s5s5ejuDru4uchuF2drUFuthaspAbepE"},{"id":"fe548b64-7db1-4eb0-8e3b-d95cfc2969df","contentKey":"qO47ZW7KhTTsam21kkULGUpyuKCJ0sjr"},{"id":"5e1cb042-d516-4db9-8766-6debd78e57c3","contentKey":"s5s5ejuDru4uchuF2drUFuthaspAbepE"},{"id":"3f352d19-ef74-4908-8660-7f186f78d056","contentKey":"s5s5ejuDru4uchuF2drUFuthaspAbepE"},{"id":"4f09a032-cf8e-47fe-9d27-d105b91ba9d2","contentKey":"fV8OIPmB5V83BHA2KsotPuLGoM4ei5oa"},{"id":"a78f4e9e-5625-49e2-9643-0c407cdc4712","contentKey":"s5s5ejuDru4uchuF2drUFuthaspAbepE"},{"id":"dd1b606d-f264-496e-93c5-e71bf47c36fb","contentKey":"s4MJBPDqeSd7YwYPdNLY1ncOlUXVgyHY"},{"id":"19f7c3b1-5623-4c6c-b083-8fffca44b64b","contentKey":"oH0GHFUe1CjkQkrObVs91iXSpai2bBPy"},{"id":"de3f696f-3628-49b4-bf1f-3c6bf89973cc","contentKey":"s5s5ejuDru4uchuF2drUFuthaspAbepE"},{"id":"9dca219e-f99c-49a1-8223-34c51e916493","contentKey":"LWvmWr4gAExfjVnxJRhKFMsJVU8LZHqh"},{"id":"39fa1d65-b3ca-4726-b9e0-f3d2a404e5a4","contentKey":"s5s5ejuDru4uchuF2drUFuthaspAbepE"},{"id":"92486067-d940-4b98-949d-0a37de6439c4","contentKey":"s5s5ejuDru4uchuF2drUFuthaspAbepE"},{"id":"5e024728-6b52-3043-e45f-f7daf94dad8c","contentKey":"s5s5ejuDru4uchuF2drUFuthaspAbepE"},{"id":"85afc694-cb49-47dd-acfb-57058296853a","contentKey":"zX4M5eLv9vegR9AGwnvuwYyARF57Myhc"},{"id":"659b5fdb-3260-47ff-9aeb-41818d74acdd","contentKey":"s5s5ejuDru4uchuF2drUFuthaspAbepE"},{"id":"3bda48d5-a443-4bef-862f-8a7892bb5492","contentKey":"aC2RJuKXO7dhlZ2nRM1NmCQrmovMjwNW"},{"id":"cf89d197-cdcf-47e3-80e4-7a6d01426236","contentKey":"8NOVmLhrDeVn9XCO8FLku7tbZkaIJjGI"},{"id":"aa8b5eed-d104-4498-8037-5ffb8a3ecdd9","contentKey":"TqRdzjyeKWd2Z78ba5yCjJkKmMHUGw62"},{"id":"f3bf87a7-875c-49be-adad-5eec1407bfef","contentKey":"uT5zJidso339h2lgdekRRFdhw3STNYRR"},{"id":"86dc1347-eb0c-4a3f-b9c2-9f618e1cb715","contentKey":"vmkNHIWHLElwBiipbeUQHYDxdtMrAuhy"},{"id":"c00599a7-087f-a931-23ee-b432ea48eb57","contentKey":"s5s5ejuDru4uchuF2drUFuthaspAbepE"},{"id":"e028ac38-188d-4820-b65f-c4e83b6a7676","contentKey":"eZ4pdny8GtHGsQOnniNBEUQ6LfzkoBxN"},{"id":"9244039e-a396-4a09-b033-3c6d1f75afb8","contentKey":"s5s5ejuDru4uchuF2drUFuthaspAbepE"},{"id":"57cdfe18-edb2-42b1-ad69-24b7150e4152","contentKey":"sR88K2vz0hjPzNMWAhttBosvFNvrrCig"},{"id":"b5e05413-7131-4093-a1ad-8a36627bcc90","contentKey":"s5s5ejuDru4uchuF2drUFuthaspAbepE"},{"id":"e01eaf09-e07b-4f61-8aef-c6f6510e955d","contentKey":"s5s5ejuDru4uchuF2drUFuthaspAbepE"},{"id":"d867bce2-4caf-4a7c-bd23-f2b2d78f3016","contentKey":"s5s5ejuDru4uchuF2drUFuthaspAbepE"},{"id":"aff37f54-44ac-4c2e-82c4-97c093670997","contentKey":"gYCCJSoY2XP13PcdJREUYSnxRKEi4FZn"},{"id":"cb25c5d5-1deb-4af3-85bc-19f04d214918","contentKey":"s5s5ejuDru4uchuF2drUFuthaspAbepE"},{"id":"836b633e-3cb9-4f62-9d10-fa2d2d53189d","contentKey":"s5s5ejuDru4uchuF2drUFuthaspAbepE"},{"id":"6af67ae4-f316-4df0-826e-d3ea06840872","contentKey":"s5s5ejuDru4uchuF2drUFuthaspAbepE"},{"id":"76321b7e-215a-4c5e-a836-9e9d3dd48aca","contentKey":"s5s5ejuDru4uchuF2drUFuthaspAbepE"},{"id":"e4008a61-e58e-4e3c-81c0-e527f698d049","contentKey":"gX6NXzHIUsWrqOctTg9A65AjXBxb876Q"},{"id":"f5141021-230c-481b-8f98-f6fdb8ff2878","contentKey":"oZ0kUzfFfoNcrHKvcJXcTRuICHTJ3n3j"},{"id":"050ac25f-3124-4acb-ad16-64b779f8255f","contentKey":"jhXUipNeq5ohY3cWRsoCrjSWpX4vc63h"},{"id":"baf42857-3661-46db-9c04-35e6ad8e1c17","contentKey":"s5s5ejuDru4uchuF2drUFuthaspAbepE"},{"id":"dd1976f7-7fcc-4f3a-8b75-c38fc070226f","contentKey":"vA4z4hx43QZJhSKArFlI8VNZmu6zM8R7"},{"id":"b8104ee1-3c67-42c5-9e6e-d7948e2ca834","contentKey":"TCdPxnqg7VeKiLtn9kaqh7K6hbNUvmhg"},{"id":"c5673bc5-bc1e-4716-757f-14552b9cfa4e","contentKey":"s5s5ejuDru4uchuF2drUFuthaspAbepE"},{"id":"ea45133d-9ff0-4503-927f-d110e66e95d7","contentKey":"s5s5ejuDru4uchuF2drUFuthaspAbepE"},{"id":"8a96a023-b6cb-4267-838b-ad1762e6421b","contentKey":"s5s5ejuDru4uchuF2drUFuthaspAbepE"},{"id":"c2febc72-0781-464b-a6e0-2c52e87efa7e","contentKey":"s5s5ejuDru4uchuF2drUFuthaspAbepE"},{"id":"fbc79e4f-9895-485f-aebc-1790210fde82","contentKey":"s5s5ejuDru4uchuF2drUFuthaspAbepE"},{"id":"7bd3225e-23cb-11eb-8a0a-0c9d92c22af2","contentKey":"s5s5ejuDru4uchuF2drUFuthaspAbepE"},{"id":"8e79fa68-bf0d-4085-9862-aadc73ddaae2","contentKey":"s5s5ejuDru4uchuF2drUFuthaspAbepE"},{"id":"19a5c157-1b62-4bcf-926c-89bb974b64c7","contentKey":"s5s5ejuDru4uchuF2drUFuthaspAbepE"},{"id":"443883dd-e23a-8772-0f8a-9333da67431b","contentKey":"s5s5ejuDru4uchuF2drUFuthaspAbepE"},{"id":"52142ac0-99bf-427f-a9ee-7c1eb0142533","contentKey":"vPVU9GNS1JcwKh5MuxWBu8mhoRvLiupx"},{"id":"a77195c8-30e2-4ad6-868e-4c56ca7dc580","contentKey":"s5s5ejuDru4uchuF2drUFuthaspAbepE"},{"id":"2443dd96-01a9-4e78-96d9-fabc1cb75d76","contentKey":"s5s5ejuDru4uchuF2drUFuthaspAbepE"},{"id":"d6ad9082-78c4-4a09-b118-30fa089c2dc0","contentKey":"s5s5ejuDru4uchuF2drUFuthaspAbepE"},{"id":"6a835cbf-7b4f-4666-bd0c-40b69eaeb7ed","contentKey":"fMgy3LPyY4BPY355EJfjuTbUgyUwfTCc"},{"id":"9cbece23-1fa9-42d6-2c93-9a3eaef3d7cb","contentKey":"s5s5ejuDru4uchuF2drUFuthaspAbepE"},{"id":"2a65bb14-3683-44a2-81dc-9d3e37d40963","contentKey":"vO4JF1Oe5QwneMB8GHpUCrtU8AcTZMYR"},{"id":"b34d6230-6857-414c-8261-906ee2a6997e","contentKey":"s5s5ejuDru4uchuF2drUFuthaspAbepE"},{"id":"d3f7733c-865b-41a0-93aa-bf9f6a4c60b0","contentKey":"s5s5ejuDru4uchuF2drUFuthaspAbepE"},{"id":"83d2bdf7-4843-389b-2f49-e03d2fbab233","contentKey":"s5s5ejuDru4uchuF2drUFuthaspAbepE"},{"id":"8cb2deb9-0ad4-8a32-d9ce-b40350d71129","contentKey":"s5s5ejuDru4uchuF2drUFuthaspAbepE"},{"id":"2a525035-af65-4626-a9fe-2300ea0cde41","contentKey":"s5s5ejuDru4uchuF2drUFuthaspAbepE"},{"id":"a0d301bf-88cb-f05a-1ad6-15abfd9ee1fc","contentKey":"s5s5ejuDru4uchuF2drUFuthaspAbepE"},{"id":"ba45a62e-fb7a-4c9e-a843-9659921faa6a","contentKey":"s5s5ejuDru4uchuF2drUFuthaspAbepE"},{"id":"fcbd5af0-f7d8-2585-b208-81e9f6bb502e","contentKey":"s5s5ejuDru4uchuF2drUFuthaspAbepE"},{"id":"957fa0ca-3b7e-4d00-ec51-6f5b87f4dd51","contentKey":"s5s5ejuDru4uchuF2drUFuthaspAbepE"},{"id":"66f99004-9c12-4e82-97a8-96bb5c579d24","contentKey":"dP6pVsddn4Q2c01vZpw8NaRBlBBVNzh0"},{"id":"5d0bf0bd-a95f-464f-a85b-6fce71e96b69","contentKey":"eJ0A7EexOyMJ283xgy6zTaW7YeH851YH"},{"id":"38e8a4ff-3f08-4a7a-8c79-0bb8002cde90","contentKey":"s5s5ejuDru4uchuF2drUFuthaspAbepE"},{"id":"2d356eaa-dc7b-471c-8850-8740c1c589a1","contentKey":"dE6xpn2toE6q1aRj8ptH3JdZekIpIWi5"},{"id":"ec202654-c490-487e-b3ba-43dc305418cc","contentKey":"aI589aHmEse80KmhrMA6HpmSwgpAwkGG"},{"id":"5b3f49df-12d9-490a-ad00-42e813397edc","contentKey":"s5s5ejuDru4uchuF2drUFuthaspAbepE"},{"id":"3bb284aa-d08c-4a78-8d24-4c826135ed3c","contentKey":"s5s5ejuDru4uchuF2drUFuthaspAbepE"},{"id":"0706dbd6-b8a1-4633-8727-40be48d8b9a2","contentKey":"s5s5ejuDru4uchuF2drUFuthaspAbepE"},{"id":"1f96e6fa-8f96-4717-b092-90fcb0541364","contentKey":"oH57a0UpasimmGkcQ4E6Y6NWvcCdvJmp"},{"id":"c94410c7-44f0-49b8-823c-4bfa32ea48e8","contentKey":"Lfm6GnzqoGQNU66dZorddtEvKt4vtH94"},{"id":"cac09766-a405-4385-acb9-e3746d925d58","contentKey":"dH5GnGVc92khxbWrKl2uRmF7tgH0CyiC"},{"id":"cf370968-1495-11eb-adc1-0242ac120002","contentKey":"fV08JE4qTuOOmYBV2CKTQMWOjaBIQnV6"},{"id":"dac957c9-d4dc-4ad2-91c4-98e16026c7e6","contentKey":"fN1e64kCq0CPjSlr6CalMkcXRjSMFi7e"},{"id":"0b14709a-051f-4ab8-af7b-3ef938359bed","contentKey":"yE3njLaA6CiQT3tPVsiwrC35TpWq6q5N"},{"id":"fc975a33-b52b-44fd-bf82-292efd248ce9","contentKey":"s5s5ejuDru4uchuF2drUFuthaspAbepE"},{"id":"202539ce-e6c5-40b5-a4a1-4296277d18f6","contentKey":"s5s5ejuDru4uchuF2drUFuthaspAbepE"},{"id":"ad1d1e77-8785-47ff-8816-f0bcab53b32f","contentKey":"o9jR4voFhdYF5xS3k8H59Y864ALL9vYA"},{"id":"f6011d1c-5f16-490b-9088-f37e7d3f0fbc","contentKey":"VvM2WBU4wEYsr9rH9dbm7N528N2mYG3F"},{"id":"3ed9079d-cb8a-4ab6-9513-69c18b7a1dac","contentKey":"bP4MduUI5qTIJFGLZ0ppdPVNaWR7achZ"},{"id":"dae126f1-142a-d212-0a1f-6fcf7f58c88d","contentKey":"s5s5ejuDru4uchuF2drUFuthaspAbepE"},{"id":"513d2e80-07b5-4576-9364-75c18ff5bf54","contentKey":"s5s5ejuDru4uchuF2drUFuthaspAbepE"},{"id":"08a60021-38ee-44cc-8e32-e4c4c1110956","contentKey":"s5s5ejuDru4uchuF2drUFuthaspAbepE"},{"id":"32900dcb-1d5d-49b3-b7b8-63d550c3e8a4","contentKey":"eI7lFA6NlqHG6BePSuAmVIwkgw2W712c"},{"id":"b3d76ee5-0de1-42f2-bae3-4aa37fd8680c","contentKey":"fL741B4sRrttUC7WFZqmhXjR5OcA9Ne3"},{"id":"49df9974-549d-4f44-a411-1b1864f29d25","contentKey":"s5s5ejuDru4uchuF2drUFuthaspAbepE"},{"id":"f0e46233-038b-4211-87b5-5082ce07b1b3","contentKey":"s5s5ejuDru4uchuF2drUFuthaspAbepE"},{"id":"bd45d0a5-b91c-a44b-61a4-da3173d70d54","contentKey":"s5s5ejuDru4uchuF2drUFuthaspAbepE"},{"id":"85e3bb46-efd9-4080-9d1c-b1afddf3cf33","contentKey":"s5s5ejuDru4uchuF2drUFuthaspAbepE"},{"id":"18e61e9d-54a6-3d87-bb35-d0134cf486c1","contentKey":"s5s5ejuDru4uchuF2drUFuthaspAbepE"},{"id":"9a2b6d62-02d6-40b7-b2a1-2222ffa23aba","contentKey":"fC6k27exeIYrQ5M2V2znXgLFFVSKiIUQ"},{"id":"8a4eaf2a-2946-44b4-9ffd-ae6f3b1a138c","contentKey":"s5s5ejuDru4uchuF2drUFuthaspAbepE"},{"id":"4da1356f-81f9-44a6-b9af-ec9b98b51644","contentKey":"kN5pmM1e6FiqjP8Elz3Bjkiagj2axdd3"},{"id":"41bd9e35-246e-4283-a5e0-31e7824ca286","contentKey":"aG7QRi2dV0v8nkUkANe1VNCfLGiLUCnq"},{"id":"c54167bb-d264-411b-bdeb-f44ed3fadf38","contentKey":"s5s5ejuDru4uchuF2drUFuthaspAbepE"},{"id":"3af01d0d-e7e2-4c46-ae8b-5997e87ec58e","contentKey":"pL3bspqkbMBpsBGoEAlfG36RfrrcrFr2"},{"id":"7c29ff6a-dc2c-4302-b437-882ad2caf7db","contentKey":"s5s5ejuDru4uchuF2drUFuthaspAbepE"},{"id":"030395ab-aaf2-4308-832e-2c86a372fcd6","contentKey":"s5s5ejuDru4uchuF2drUFuthaspAbepE"},{"id":"c59adc49-238f-462b-8623-ed835454d702","contentKey":"zH3jhW2O7jjHtCNAsNaGWyNa92h5mIE4"},{"id":"7327d0c5-3fd4-47ed-9f5a-36aa77670b1c","contentKey":"s5s5ejuDru4uchuF2drUFuthaspAbepE"},{"id":"5335a95d-663c-4d38-8cd3-77d664cebba8","contentKey":"cZ9Sj6asukVF1euPaOZuVI7Hz60JCMnR"},{"id":"4c8a27f8-c752-4823-a59d-041cf7c23fcc","contentKey":"qK0vTLYmMUtmyGQnXtE6tcTKGomUNItJ"},{"id":"630381d3-f725-4cce-b63d-274eb9087eb3","contentKey":"s5s5ejuDru4uchuF2drUFuthaspAbepE"},{"id":"d679e2a7-d6a6-4604-89ae-e73cdbd8e2d8","contentKey":"kM16Z5TfmndsPnFTiTT4lc1BTzktx7tB"}]