{
  "format_version": "1.18.0",
  "minecraft:client_entity": {
    "description": {
      "identifier": "test:beam",
      "materials": {
        "default": "allay"
      },
      "textures": {
        "default": "textures/entity/beacon_beam"
      },
      "geometry": {
        "default": "geometry.beam"
      },
      "scripts": {
        "animate": [ "spin" ]
      },
      "animations": {
        "spin": "animation.beam.spin"
      },
      "render_controllers": [
        "controller.render.beam"
      ],
      "spawn_egg":{
        "base_color": "#FF0100",
        "overlay_color": "#FFFF00"
      }
    }
  }
}